Id;Driver;DriverNumber;LapTime;LapNumber;Stint;Sector1Time;Sector2Time;Sector3Time;Compound;TyreLife;Team;Position
0;VER;1; 00:01:59.392;1.0;1.0;58.141;20.705;55.25;INTERMEDIATE;1.0;Red Bull Racing;5.0
1;VER;1; 00:02:23.609;2.0;1.0;58.141;37.976;73.205;INTERMEDIATE;2.0;Red Bull Racing;2.0
2;VER;1; 00:02:23.609;3.0;2.0;56.23;33.683;72.232;INTERMEDIATE;3.0;Red Bull Racing;2.0
3;VER;1; 00:02:23.609;4.0;3.0;54.351;32.712;68.712;INTERMEDIATE;4.0;Red Bull Racing;2.0
4;VER;1; 00:02:23.609;5.0;4.0;53.513;32.627;57.469;INTERMEDIATE;5.0;Red Bull Racing;2.0
5;VER;1; 00:02:19.654;6.0;4.0;47.887;33.228;58.539;INTERMEDIATE;6.0;Red Bull Racing;2.0
6;VER;1; 00:02:16.447;7.0;4.0;45.898;29.735;60.814;INTERMEDIATE;7.0;Red Bull Racing;2.0
7;VER;1; 00:01:36.830;8.0;4.0;35.249;20.145;41.436;INTERMEDIATE;8.0;Red Bull Racing;2.0
8;VER;1; 00:01:34.315;9.0;4.0;33.85;19.608;40.857;INTERMEDIATE;9.0;Red Bull Racing;2.0
9;VER;1; 00:01:32.650;10.0;4.0;33.117;19.414;40.119;INTERMEDIATE;10.0;Red Bull Racing;2.0
10;VER;1; 00:01:32.453;11.0;4.0;33.017;19.392;40.044;INTERMEDIATE;11.0;Red Bull Racing;2.0
11;VER;1; 00:01:31.591;12.0;4.0;32.767;19.302;39.522;INTERMEDIATE;12.0;Red Bull Racing;2.0
12;VER;1; 00:01:31.271;13.0;4.0;32.572;19.292;39.407;INTERMEDIATE;13.0;Red Bull Racing;2.0
13;VER;1; 00:01:30.639;14.0;4.0;32.137;19.124;39.378;INTERMEDIATE;14.0;Red Bull Racing;2.0
14;VER;1; 00:01:30.328;15.0;4.0;31.945;18.879;39.504;INTERMEDIATE;15.0;Red Bull Racing;2.0
15;VER;1; 00:01:30.592;16.0;4.0;31.921;19.071;39.6;INTERMEDIATE;16.0;Red Bull Racing;2.0
16;VER;1; 00:01:33.392;17.0;4.0;32.432;19.003;41.957;INTERMEDIATE;17.0;Red Bull Racing;3.0
17;VER;1; 00:01:32.169;18.0;4.0;32.55;18.956;40.663;INTERMEDIATE;18.0;Red Bull Racing;3.0
18;VER;1; 00:01:31.939;19.0;4.0;32.547;19.002;40.39;INTERMEDIATE;19.0;Red Bull Racing;3.0
19;VER;1; 00:01:31.598;20.0;4.0;32.354;19.009;40.235;INTERMEDIATE;20.0;Red Bull Racing;3.0
20;VER;1; 00:01:31.177;21.0;4.0;32.272;18.898;47;INTERMEDIATE;21.0;Red Bull Racing;3.0
21;VER;1; 00:01:31.040;22.0;4.0;32.48;18.943;39.617;INTERMEDIATE;22.0;Red Bull Racing;3.0
22;VER;1; 00:01:30.686;23.0;4.0;32.099;18.912;39.675;INTERMEDIATE;23.0;Red Bull Racing;3.0
23;VER;1; 00:01:30.978;24.0;4.0;32.243;18.994;39.741;INTERMEDIATE;24.0;Red Bull Racing;3.0
24;VER;1; 00:01:30.845;25.0;4.0;32.279;18.911;39.655;INTERMEDIATE;25.0;Red Bull Racing;3.0
25;VER;1; 00:01:30.293;26.0;4.0;32.159;18.938;39.196;INTERMEDIATE;26.0;Red Bull Racing;3.0
26;VER;1; 00:01:29.731;27.0;4.0;31.904;18.868;38.959;INTERMEDIATE;27.0;Red Bull Racing;3.0
27;VER;1; 00:01:29.411;28.0;4.0;31.769;18.848;38.794;INTERMEDIATE;28.0;Red Bull Racing;3.0
28;VER;1; 00:01:29.043;29.0;4.0;31.543;18.815;38.685;INTERMEDIATE;29.0;Red Bull Racing;3.0
29;VER;1; 00:01:28.237;30.0;4.0;31.103;18.635;38.499;INTERMEDIATE;30.0;Red Bull Racing;3.0
30;VER;1; 00:01:28.127;31.0;4.0;31.123;18.741;38.263;INTERMEDIATE;31.0;Red Bull Racing;3.0
31;VER;1; 00:01:28.208;32.0;4.0;30.905;18.89;38.413;INTERMEDIATE;32.0;Red Bull Racing;3.0
32;VER;1; 00:01:28.046;33.0;4.0;30.905;18.81;38.331;INTERMEDIATE;33.0;Red Bull Racing;3.0
33;VER;1; 00:02:08.598;34.0;4.0;38.569;29.499;60.53;INTERMEDIATE;34.0;Red Bull Racing;3.0
34;VER;1; 00:02:04.508;35.0;5.0;46.794;27.33;50.384;MEDIUM;1.0;Red Bull Racing;3.0
35;VER;1; 00:01:56.334;36.0;5.0;33.284;30.201;52.849;MEDIUM;2.0;Red Bull Racing;3.0
36;VER;1; 00:02:17.910;37.0;5.0;46.632;40.725;75.519;MEDIUM;3.0;Red Bull Racing;3.0
37;VER;1; 00:02:17.910;38.0;5.0;40.652;41.364;55.894;MEDIUM;4.0;Red Bull Racing;3.0
38;VER;1; 00:02:12.714;39.0;5.0;42.699;36.267;53.748;MEDIUM;5.0;Red Bull Racing;3.0
39;VER;1; 00:02:11.498;40.0;5.0;43.488;33.721;54.289;MEDIUM;6.0;Red Bull Racing;3.0
40;VER;1; 00:02:12.004;41.0;5.0;44.791;29.249;57.964;MEDIUM;7.0;Red Bull Racing;3.0
41;VER;1; 00:01:25.317;42.0;5.0;30.288;18.886;36.143;MEDIUM;8.0;Red Bull Racing;3.0
42;VER;1; 00:01:23.081;43.0;5.0;28.878;18.569;35.634;MEDIUM;9.0;Red Bull Racing;3.0
43;VER;1; 00:01:26.789;44.0;5.0;28.766;18.154;39.869;MEDIUM;10.0;Red Bull Racing;1.0
44;VER;1; 00:01:32.874;45.0;5.0;29.993;18.865;44.016;MEDIUM;11.0;Red Bull Racing;1.0
45;VER;1; 00:01:52.606;46.0;5.0;31.037;19.186;62.383;MEDIUM;12.0;Red Bull Racing;5.0
46;VER;1; 00:02:07.213;47.0;6.0;40.7;31.56;54.953;INTERMEDIATE;1.0;Red Bull Racing;2.0
47;VER;1; 00:02:02.406;48.0;6.0;38.909;23.85;59.647;INTERMEDIATE;2.0;Red Bull Racing;2.0
48;VER;1; 00:02:24.892;49.0;6.0;51.981;32.432;60.479;INTERMEDIATE;3.0;Red Bull Racing;2.0
49;VER;1; 00:02:22.085;50.0;6.0;52.682;32.177;57.226;INTERMEDIATE;4.0;Red Bull Racing;2.0
50;VER;1; 00:02:13.879;51.0;6.0;47.272;29.576;57.031;INTERMEDIATE;5.0;Red Bull Racing;2.0
51;VER;1; 00:01:33.864;52.0;6.0;34.079;19.408;40.377;INTERMEDIATE;6.0;Red Bull Racing;2.0
52;VER;1; 00:01:30.859;53.0;6.0;32.113;19.031;39.715;INTERMEDIATE;7.0;Red Bull Racing;2.0
53;VER;1; 00:01:29.100;54.0;6.0;31.437;18.688;38.975;INTERMEDIATE;8.0;Red Bull Racing;2.0
54;VER;1; 00:01:28.538;55.0;6.0;30.812;18.798;38.928;INTERMEDIATE;9.0;Red Bull Racing;2.0
55;VER;1; 00:01:27.921;56.0;6.0;30.695;18.32;38.906;INTERMEDIATE;10.0;Red Bull Racing;2.0
56;VER;1; 00:01:27.400;57.0;6.0;30.421;18.285;38.694;INTERMEDIATE;11.0;Red Bull Racing;2.0
57;GAS;10; 00:02:14.132;1.0;1.0;55.855;21.554;65.755;INTERMEDIATE;1.0;Alpine;12.0
58;GAS;10; 00:02:21.360;2.0;1.0;55.855;35.135;80.32;INTERMEDIATE;2.0;Alpine;9.0
59;GAS;10; 00:02:21.360;3.0;2.0;50.51;36.049;76.333;INTERMEDIATE;3.0;Alpine;9.0
60;GAS;10; 00:02:21.360;4.0;3.0;50.36;32.205;72.024;INTERMEDIATE;4.0;Alpine;9.0
61;GAS;10; 00:02:21.360;5.0;4.0;51.18;30.446;59.734;INTERMEDIATE;5.0;Alpine;9.0
62;GAS;10; 00:02:19.952;6.0;4.0;43.258;34.952;61.742;INTERMEDIATE;6.0;Alpine;9.0
63;GAS;10; 00:02:06.733;7.0;4.0;42.713;29.764;54.256;INTERMEDIATE;7.0;Alpine;9.0
64;GAS;10; 00:01:38.441;8.0;4.0;35.761;20.439;42.241;INTERMEDIATE;8.0;Alpine;9.0
65;GAS;10; 00:01:36.062;9.0;4.0;34.775;19.939;41.348;INTERMEDIATE;9.0;Alpine;9.0
66;GAS;10; 00:01:35.527;10.0;4.0;34.369;19.784;41.374;INTERMEDIATE;10.0;Alpine;9.0
67;GAS;10; 00:01:34.702;11.0;4.0;33.715;19.771;41.216;INTERMEDIATE;11.0;Alpine;9.0
68;GAS;10; 00:01:34.227;12.0;4.0;33.48;19.64;41.107;INTERMEDIATE;12.0;Alpine;9.0
69;GAS;10; 00:01:33.275;13.0;4.0;33.245;19.662;40.368;INTERMEDIATE;13.0;Alpine;9.0
70;GAS;10; 00:01:32.859;14.0;4.0;32.923;19.508;40.428;INTERMEDIATE;14.0;Alpine;9.0
71;GAS;10; 00:01:32.744;15.0;4.0;33.106;19.515;40.123;INTERMEDIATE;15.0;Alpine;9.0
72;GAS;10; 00:01:32.445;16.0;4.0;32.952;19.527;39.966;INTERMEDIATE;16.0;Alpine;9.0
73;GAS;10; 00:01:32.795;17.0;4.0;32.773;19.338;40.684;INTERMEDIATE;17.0;Alpine;9.0
74;GAS;10; 00:01:33.124;18.0;4.0;32.863;19.329;40.932;INTERMEDIATE;18.0;Alpine;9.0
75;GAS;10; 00:01:32.462;19.0;4.0;32.918;19.141;40.403;INTERMEDIATE;19.0;Alpine;9.0
76;GAS;10; 00:01:32.327;20.0;4.0;32.703;19.09;40.534;INTERMEDIATE;20.0;Alpine;9.0
77;GAS;10; 00:01:32.323;21.0;4.0;32.86;19.181;40.282;INTERMEDIATE;21.0;Alpine;9.0
78;GAS;10; 00:01:32.355;22.0;4.0;32.63;19.183;40.542;INTERMEDIATE;22.0;Alpine;9.0
79;GAS;10; 00:01:32.438;23.0;4.0;32.769;19.18;40.489;INTERMEDIATE;23.0;Alpine;9.0
80;GAS;10; 00:01:32.035;24.0;4.0;32.624;19.219;40.192;INTERMEDIATE;24.0;Alpine;9.0
81;GAS;10; 00:01:31.622;25.0;4.0;32.743;19.12;39.759;INTERMEDIATE;25.0;Alpine;9.0
82;GAS;10; 00:01:30.928;26.0;4.0;32.305;19.052;39.571;INTERMEDIATE;26.0;Alpine;9.0
83;GAS;10; 00:01:30.635;27.0;4.0;32.169;19.002;39.464;INTERMEDIATE;27.0;Alpine;9.0
84;GAS;10; 00:01:30.382;28.0;4.0;32.019;18.955;39.408;INTERMEDIATE;28.0;Alpine;9.0
85;GAS;10; 00:01:30.051;29.0;4.0;31.855;18.938;39.258;INTERMEDIATE;29.0;Alpine;9.0
86;GAS;10; 00:01:30.124;30.0;4.0;31.654;18.998;39.472;INTERMEDIATE;30.0;Alpine;9.0
87;GAS;10; 00:01:29.299;31.0;4.0;31.513;18.869;38.917;INTERMEDIATE;31.0;Alpine;9.0
88;GAS;10; 00:01:29.383;32.0;4.0;31.618;18.85;38.915;INTERMEDIATE;32.0;Alpine;9.0
89;GAS;10; 00:01:51.300;33.0;4.0;31.296;18.975;61.029;INTERMEDIATE;33.0;Alpine;9.0
90;GAS;10; 00:02:25.049;34.0;5.0;53.338;42.356;49.355;HARD;1.0;Alpine;9.0
91;GAS;10; 00:01:45.531;35.0;5.0;35.632;28.822;41.077;HARD;2.0;Alpine;9.0
92;GAS;10; 00:01:41.620;36.0;5.0;32.286;29.596;39.738;HARD;3.0;Alpine;9.0
93;GAS;10; 00:02:07.218;37.0;5.0;31.629;29.727;65.862;HARD;4.0;Alpine;9.0
94;GAS;10; 00:02:19.376;38.0;5.0;38.274;39.552;61.55;HARD;5.0;Alpine;9.0
95;GAS;10; 00:02:11.226;39.0;5.0;38.456;36.07;56.7;HARD;6.0;Alpine;9.0
96;GAS;10; 00:02:10.476;40.0;5.0;40.824;35.543;54.109;HARD;7.0;Alpine;9.0
97;GAS;10; 00:02:06.368;41.0;5.0;43.945;29.012;53.411;HARD;8.0;Alpine;9.0
98;GAS;10; 00:01:27.942;42.0;5.0;31.318;18.881;37.743;HARD;9.0;Alpine;9.0
99;GAS;10; 00:01:25.020;43.0;5.0;29.787;18.627;36.606;HARD;10.0;Alpine;9.0
100;GAS;10; 00:01:28.332;44.0;5.0;29.467;18.594;40.271;HARD;11.0;Alpine;4.0
101;GAS;10; 00:01:32.969;45.0;5.0;30.352;18.899;43.718;HARD;12.0;Alpine;4.0
102;GAS;10; 00:01:56.069;46.0;5.0;33.157;18.982;63.93;HARD;13.0;Alpine;11.0
103;GAS;10; 00:02:06.740;47.0;6.0;45.479;24.021;57.24;INTERMEDIATE;1.0;Alpine;8.0
104;GAS;10; 00:02:01.785;48.0;6.0;41.932;22.835;57.018;INTERMEDIATE;2.0;Alpine;8.0
105;GAS;10; 00:02:24.669;49.0;6.0;48.264;32.422;63.983;INTERMEDIATE;3.0;Alpine;8.0
106;GAS;10; 00:02:17.754;50.0;6.0;49.575;30.79;57.389;INTERMEDIATE;4.0;Alpine;8.0
107;GAS;10; 00:02:11.745;51.0;6.0;46.466;28.377;56.902;INTERMEDIATE;5.0;Alpine;8.0
108;GAS;10; 00:01:36.326;52.0;6.0;35.475;19.5;41.351;INTERMEDIATE;6.0;Alpine;8.0
109;GAS;10; 00:01:32.297;53.0;6.0;32.856;19.045;40.396;INTERMEDIATE;7.0;Alpine;8.0
110;GAS;10; 00:01:34.967;54.0;6.0;35.345;19.237;40.385;INTERMEDIATE;8.0;Alpine;10.0
111;GAS;10; 00:01:32.316;55.0;6.0;33.195;19.199;39.922;INTERMEDIATE;9.0;Alpine;11.0
112;GAS;10; 00:01:30.866;56.0;6.0;31.867;19.159;39.84;INTERMEDIATE;10.0;Alpine;11.0
113;GAS;10; 00:01:31.312;57.0;6.0;31.774;19.075;40.463;INTERMEDIATE;11.0;Alpine;11.0
114;ANT;12; 00:02:22.352;1.0;1.0;55.459;22.829;69.366;INTERMEDIATE;1.0;Mercedes;16.0
115;ANT;12; 00:02:19.163;2.0;1.0;55.459;32.481;81.86;INTERMEDIATE;2.0;Mercedes;13.0
116;ANT;12; 00:02:19.163;3.0;2.0;51.498;33.08;80.177;INTERMEDIATE;3.0;Mercedes;13.0
117;ANT;12; 00:02:19.163;4.0;3.0;49.814;32.851;71.933;INTERMEDIATE;4.0;Mercedes;13.0
118;ANT;12; 00:02:19.163;5.0;4.0;49.979;30.052;59.132;INTERMEDIATE;5.0;Mercedes;13.0
119;ANT;12; 00:02:21.111;6.0;4.0;42.289;35.787;63.035;INTERMEDIATE;6.0;Mercedes;13.0
120;ANT;12; 00:02:03.412;7.0;4.0;41.182;30.645;51.585;INTERMEDIATE;7.0;Mercedes;13.0
121;ANT;12; 00:01:38.729;8.0;4.0;35.912;20.482;42.335;INTERMEDIATE;8.0;Mercedes;13.0
122;ANT;12; 00:01:36.312;9.0;4.0;34.903;19.945;41.464;INTERMEDIATE;9.0;Mercedes;13.0
123;ANT;12; 00:01:35.270;10.0;4.0;34.187;19.577;41.506;INTERMEDIATE;10.0;Mercedes;13.0
124;ANT;12; 00:01:34.678;11.0;4.0;33.964;19.627;41.087;INTERMEDIATE;11.0;Mercedes;13.0
125;ANT;12; 00:01:35.385;12.0;4.0;34.18;19.476;41.729;INTERMEDIATE;12.0;Mercedes;13.0
126;ANT;12; 00:01:33.697;13.0;4.0;33.611;19.396;40.69;INTERMEDIATE;13.0;Mercedes;13.0
127;ANT;12; 00:01:33.802;14.0;4.0;33.699;19.47;40.633;INTERMEDIATE;14.0;Mercedes;12.0
128;ANT;12; 00:01:32.212;15.0;4.0;33.126;19.42;39.666;INTERMEDIATE;15.0;Mercedes;12.0
129;ANT;12; 00:01:37.326;16.0;4.0;37.533;19.464;40.329;INTERMEDIATE;16.0;Mercedes;13.0
130;ANT;12; 00:01:32.312;17.0;4.0;33.045;19.059;40.208;INTERMEDIATE;17.0;Mercedes;12.0
131;ANT;12; 00:01:32.181;18.0;4.0;32.902;19.203;40.076;INTERMEDIATE;18.0;Mercedes;12.0
132;ANT;12; 00:01:31.942;19.0;4.0;32.822;19.108;40.012;INTERMEDIATE;19.0;Mercedes;12.0
133;ANT;12; 00:01:31.319;20.0;4.0;32.598;19.093;39.628;INTERMEDIATE;20.0;Mercedes;12.0
134;ANT;12; 00:01:31.042;21.0;4.0;32.385;18.992;39.665;INTERMEDIATE;21.0;Mercedes;12.0
135;ANT;12; 00:01:31.887;22.0;4.0;32.452;18.953;40.482;INTERMEDIATE;22.0;Mercedes;11.0
136;ANT;12; 00:01:31.324;23.0;4.0;32.454;19.041;39.829;INTERMEDIATE;23.0;Mercedes;11.0
137;ANT;12; 00:01:30.822;24.0;4.0;32.33;18.978;39.514;INTERMEDIATE;24.0;Mercedes;11.0
138;ANT;12; 00:01:30.706;25.0;4.0;32.088;19.045;39.573;INTERMEDIATE;25.0;Mercedes;11.0
139;ANT;12; 00:01:31.299;26.0;4.0;32.94;18.942;39.417;INTERMEDIATE;26.0;Mercedes;11.0
140;ANT;12; 00:01:30.463;27.0;4.0;32.082;18.871;39.51;INTERMEDIATE;27.0;Mercedes;11.0
141;ANT;12; 00:01:30.716;28.0;4.0;32.111;18.504;40.101;INTERMEDIATE;28.0;Mercedes;11.0
142;ANT;12; 00:01:29.919;29.0;4.0;31.785;18.794;39.34;INTERMEDIATE;29.0;Mercedes;11.0
143;ANT;12; 00:01:29.794;30.0;4.0;31.823;18.759;39.212;INTERMEDIATE;30.0;Mercedes;11.0
144;ANT;12; 00:01:29.245;31.0;4.0;31.583;18.748;38.914;INTERMEDIATE;31.0;Mercedes;11.0
145;ANT;12; 00:01:29.032;32.0;4.0;31.369;18.773;38.89;INTERMEDIATE;32.0;Mercedes;11.0
146;ANT;12; 00:01:52.635;33.0;4.0;31.156;19.488;61.991;INTERMEDIATE;33.0;Mercedes;10.0
147;ANT;12; 00:02:22.596;34.0;5.0;50.26;41.918;50.418;HARD;1.0;Mercedes;10.0
148;ANT;12; 00:01:44.670;35.0;5.0;35.474;28.102;41.094;HARD;2.0;Mercedes;10.0
149;ANT;12; 00:01:41.655;36.0;5.0;32.604;29.457;39.594;HARD;3.0;Mercedes;10.0
150;ANT;12; 00:02:07.298;37.0;5.0;31.948;30.64;64.71;HARD;4.0;Mercedes;10.0
151;ANT;12; 00:02:19.681;38.0;5.0;38.143;39.653;61.885;HARD;5.0;Mercedes;10.0
152;ANT;12; 00:02:11.642;39.0;5.0;38.95;35.025;57.667;HARD;6.0;Mercedes;10.0
153;ANT;12; 00:02:09.615;40.0;5.0;39.633;35.891;54.091;HARD;7.0;Mercedes;10.0
154;ANT;12; 00:02:06.220;41.0;5.0;44.333;28.681;53.206;HARD;8.0;Mercedes;10.0
155;ANT;12; 00:01:27.505;42.0;5.0;30.908;19.021;37.576;HARD;9.0;Mercedes;10.0
156;ANT;12; 00:01:24.901;43.0;5.0;29.606;18.461;36.834;HARD;10.0;Mercedes;10.0
157;ANT;12; 00:01:48.276;44.0;5.0;29.991;18.732;59.553;HARD;11.0;Mercedes;11.0
158;ANT;12; 00:01:35.593;45.0;6.0;37.157;19.091;39.345;INTERMEDIATE;1.0;Mercedes;11.0
159;ANT;12; 00:01:30.780;46.0;6.0;31.827;18.635;40.318;INTERMEDIATE;2.0;Mercedes;8.0
160;ANT;12; 00:02:05.750;47.0;6.0;34.497;33.267;57.986;INTERMEDIATE;3.0;Mercedes;5.0
161;ANT;12; 00:01:58.429;48.0;6.0;40.189;21.083;57.157;INTERMEDIATE;4.0;Mercedes;5.0
162;ANT;12; 00:02:24.964;49.0;6.0;51.54;31.716;61.708;INTERMEDIATE;5.0;Mercedes;5.0
163;ANT;12; 00:02:20.284;50.0;6.0;51.512;30.864;57.908;INTERMEDIATE;6.0;Mercedes;5.0
164;ANT;12; 00:02:12.971;51.0;6.0;46.897;29.666;56.408;INTERMEDIATE;7.0;Mercedes;5.0
165;ANT;12; 00:01:35.008;52.0;6.0;34.277;19.53;41.201;INTERMEDIATE;8.0;Mercedes;5.0
166;ANT;12; 00:01:31.398;53.0;6.0;32.679;19.001;39.718;INTERMEDIATE;9.0;Mercedes;5.0
167;ANT;12; 00:01:30.562;54.0;6.0;32.258;18.783;39.521;INTERMEDIATE;10.0;Mercedes;5.0
168;ANT;12; 00:01:30.602;55.0;6.0;31.97;18.49;40.142;INTERMEDIATE;11.0;Mercedes;5.0
169;ANT;12; 00:01:28.149;56.0;6.0;31.023;18.341;38.785;INTERMEDIATE;12.0;Mercedes;4.0
170;ANT;12; 00:01:28.650;57.0;6.0;31.048;18.709;38.893;INTERMEDIATE;13.0;Mercedes;4.0
171;ALO;14; 00:02:17.178;1.0;1.0;55.076;22.171;67.034;INTERMEDIATE;1.0;Aston Martin;13.0
172;ALO;14; 00:02:22.181;2.0;1.0;55.076;34.64;79.692;INTERMEDIATE;2.0;Aston Martin;10.0
173;ALO;14; 00:02:22.181;3.0;2.0;52.882;33.441;77.022;INTERMEDIATE;3.0;Aston Martin;10.0
174;ALO;14; 00:02:22.181;4.0;3.0;52.331;32.068;70.307;INTERMEDIATE;4.0;Aston Martin;10.0
175;ALO;14; 00:02:22.181;5.0;4.0;52.318;29.721;60.142;INTERMEDIATE;5.0;Aston Martin;10.0
176;ALO;14; 00:02:19.493;6.0;4.0;42.673;35.332;61.488;INTERMEDIATE;6.0;Aston Martin;10.0
177;ALO;14; 00:02:05.594;7.0;4.0;42.237;31.103;52.254;INTERMEDIATE;7.0;Aston Martin;10.0
178;ALO;14; 00:01:38.354;8.0;4.0;35.634;20.573;42.147;INTERMEDIATE;8.0;Aston Martin;10.0
179;ALO;14; 00:01:36.267;9.0;4.0;34.756;20.098;41.413;INTERMEDIATE;9.0;Aston Martin;10.0
180;ALO;14; 00:01:35.569;10.0;4.0;34.31;19.907;41.352;INTERMEDIATE;10.0;Aston Martin;10.0
181;ALO;14; 00:01:35.300;11.0;4.0;34.107;19.76;41.433;INTERMEDIATE;11.0;Aston Martin;10.0
182;ALO;14; 00:01:34.076;12.0;4.0;33.625;19.675;40.776;INTERMEDIATE;12.0;Aston Martin;10.0
183;ALO;14; 00:01:33.515;13.0;4.0;33.419;19.468;40.628;INTERMEDIATE;13.0;Aston Martin;10.0
184;ALO;14; 00:01:32.664;14.0;4.0;32.924;19.455;40.285;INTERMEDIATE;14.0;Aston Martin;10.0
185;ALO;14; 00:01:32.324;15.0;4.0;32.913;19.374;40.037;INTERMEDIATE;15.0;Aston Martin;10.0
186;ALO;14; 00:01:32.521;16.0;4.0;32.518;18.922;41.081;INTERMEDIATE;16.0;Aston Martin;10.0
187;ALO;14; 00:01:32.966;17.0;4.0;32.745;19.316;40.905;INTERMEDIATE;17.0;Aston Martin;10.0
188;ALO;14; 00:01:32.698;18.0;4.0;32.791;19.169;40.738;INTERMEDIATE;18.0;Aston Martin;10.0
189;ALO;14; 00:01:32.280;19.0;4.0;32.507;18.762;41.011;INTERMEDIATE;19.0;Aston Martin;10.0
190;ALO;14; 00:01:32.610;20.0;4.0;32.675;18.901;41.034;INTERMEDIATE;20.0;Aston Martin;10.0
191;ALO;14; 00:01:32.545;21.0;4.0;32.459;18.616;41.47;INTERMEDIATE;21.0;Aston Martin;10.0
192;ALO;14; 00:01:33.282;22.0;4.0;32.923;19.602;40.757;INTERMEDIATE;22.0;Aston Martin;10.0
193;ALO;14; 00:01:32.510;23.0;4.0;32.738;19.251;40.521;INTERMEDIATE;23.0;Aston Martin;10.0
194;ALO;14; 00:01:31.665;24.0;4.0;32.237;19.253;40.175;INTERMEDIATE;24.0;Aston Martin;10.0
195;ALO;14; 00:01:31.761;25.0;4.0;32.2;19.134;40.427;INTERMEDIATE;25.0;Aston Martin;10.0
196;ALO;14; 00:01:31.343;26.0;4.0;32.324;19.17;39.849;INTERMEDIATE;26.0;Aston Martin;10.0
197;ALO;14; 00:01:30.895;27.0;4.0;32.032;19.001;39.862;INTERMEDIATE;27.0;Aston Martin;10.0
198;ALO;14; 00:01:30.652;28.0;4.0;32.03;19.067;39.555;INTERMEDIATE;28.0;Aston Martin;10.0
199;ALO;14; 00:01:29.718;29.0;4.0;31.491;18.976;39.251;INTERMEDIATE;29.0;Aston Martin;10.0
200;ALO;14; 00:01:29.374;30.0;4.0;31.387;18.884;39.103;INTERMEDIATE;30.0;Aston Martin;10.0
201;ALO;14; 00:01:28.850;31.0;4.0;31.446;18.83;38.574;INTERMEDIATE;31.0;Aston Martin;10.0
202;ALO;14; 00:01:28.819;32.0;4.0;31.156;19.014;38.649;INTERMEDIATE;32.0;Aston Martin;10.0
203;ALO;14; 00:02:08.480;33.0;4.0;55.101;20.69;62.574;INTERMEDIATE;33.0;Aston Martin;8.0
204;LEC;16; 00:02:08.480;1.0;1.0;55.101;20.69;62.574;INTERMEDIATE;1.0;Ferrari;8.0
205;LEC;16; 00:02:22.597;2.0;1.0;55.101;36.092;76.04;INTERMEDIATE;2.0;Ferrari;5.0
206;LEC;16; 00:02:22.597;3.0;2.0;54.771;32.738;74.652;INTERMEDIATE;3.0;Ferrari;5.0
207;LEC;16; 00:02:22.597;4.0;3.0;52.602;32.053;71.147;INTERMEDIATE;4.0;Ferrari;5.0
208;LEC;16; 00:02:22.597;5.0;4.0;51.208;31.916;59.473;INTERMEDIATE;5.0;Ferrari;5.0
209;LEC;16; 00:02:18.850;6.0;4.0;45.966;33.553;59.331;INTERMEDIATE;6.0;Ferrari;5.0
210;LEC;16; 00:02:13.209;7.0;4.0;45.283;30.724;57.202;INTERMEDIATE;7.0;Ferrari;5.0
211;LEC;16; 00:01:38.190;8.0;4.0;35.371;20.374;42.445;INTERMEDIATE;8.0;Ferrari;5.0
212;LEC;16; 00:01:34.933;9.0;4.0;33.915;19.833;41.185;INTERMEDIATE;9.0;Ferrari;5.0
213;LEC;16; 00:01:33.539;10.0;4.0;33.253;19.497;40.789;INTERMEDIATE;10.0;Ferrari;5.0
214;LEC;16; 00:01:34.251;11.0;4.0;33.495;19.791;40.965;INTERMEDIATE;11.0;Ferrari;5.0
215;LEC;16; 00:01:33.536;12.0;4.0;33.168;19.953;40.415;INTERMEDIATE;12.0;Ferrari;5.0
216;LEC;16; 00:01:32.198;13.0;4.0;32.808;19.51;39.88;INTERMEDIATE;13.0;Ferrari;5.0
217;LEC;16; 00:01:32.448;14.0;4.0;32.779;19.371;40.298;INTERMEDIATE;14.0;Ferrari;5.0
218;LEC;16; 00:01:31.846;15.0;4.0;32.501;19.473;39.872;INTERMEDIATE;15.0;Ferrari;5.0
219;LEC;16; 00:01:31.832;16.0;4.0;32.449;19.424;39.959;INTERMEDIATE;16.0;Ferrari;5.0
220;LEC;16; 00:01:32.502;17.0;4.0;32.353;19.305;40.844;INTERMEDIATE;17.0;Ferrari;5.0
221;LEC;16; 00:01:32.614;18.0;4.0;32.366;19.295;40.953;INTERMEDIATE;18.0;Ferrari;5.0
222;LEC;16; 00:01:31.861;19.0;4.0;32.446;19.13;40.285;INTERMEDIATE;19.0;Ferrari;5.0
223;LEC;16; 00:01:31.756;20.0;4.0;32.64;19.249;39.867;INTERMEDIATE;20.0;Ferrari;5.0
224;LEC;16; 00:01:31.159;21.0;4.0;32.503;19.048;39.608;INTERMEDIATE;21.0;Ferrari;5.0
225;LEC;16; 00:01:30.695;22.0;4.0;32.11;19.024;39.561;INTERMEDIATE;22.0;Ferrari;5.0
226;LEC;16; 00:01:31.551;23.0;4.0;32.45;19.025;40.076;INTERMEDIATE;23.0;Ferrari;5.0
227;LEC;16; 00:01:30.732;24.0;4.0;32.099;19.026;39.607;INTERMEDIATE;24.0;Ferrari;5.0
228;LEC;16; 00:01:30.251;25.0;4.0;31.754;18.94;39.557;INTERMEDIATE;25.0;Ferrari;5.0
229;LEC;16; 00:01:30.340;26.0;4.0;31.933;19.002;39.405;INTERMEDIATE;26.0;Ferrari;5.0
230;LEC;16; 00:01:30.563;27.0;4.0;32.068;19.011;39.484;INTERMEDIATE;27.0;Ferrari;5.0
231;LEC;16; 00:01:29.723;28.0;4.0;31.671;18.863;39.189;INTERMEDIATE;28.0;Ferrari;5.0
232;LEC;16; 00:01:29.492;29.0;4.0;31.588;18.944;38.96;INTERMEDIATE;29.0;Ferrari;5.0
233;LEC;16; 00:01:29.367;30.0;4.0;31.248;18.963;39.156;INTERMEDIATE;30.0;Ferrari;5.0
234;LEC;16; 00:01:29.546;31.0;4.0;31.524;18.867;39.155;INTERMEDIATE;31.0;Ferrari;5.0
235;LEC;16; 00:01:29.337;32.0;4.0;31.356;18.945;39.036;INTERMEDIATE;32.0;Ferrari;5.0
236;LEC;16; 00:01:33.966;33.0;4.0;31.801;19.053;43.112;INTERMEDIATE;33.0;Ferrari;5.0
237;LEC;16; 00:02:13.905;34.0;4.0;41.463;27.483;64.959;INTERMEDIATE;34.0;Ferrari;5.0
238;LEC;16; 00:02:06.872;35.0;5.0;47.333;29.541;49.998;HARD;2.0;Ferrari;5.0
239;LEC;16; 00:01:42.406;36.0;5.0;32.141;25.374;44.891;HARD;3.0;Ferrari;5.0
240;LEC;16; 00:02:28.223;37.0;5.0;33.25;38.962;76.011;HARD;4.0;Ferrari;5.0
241;LEC;16; 00:02:19.475;38.0;5.0;39.579;40.983;58.913;HARD;5.0;Ferrari;5.0
242;LEC;16; 00:02:11.723;39.0;5.0;40.103;35.96;55.66;HARD;6.0;Ferrari;5.0
243;LEC;16; 00:02:11.985;40.0;5.0;41.463;34.386;56.136;HARD;7.0;Ferrari;5.0
244;LEC;16; 00:02:08.829;41.0;5.0;43.051;28.891;56.887;HARD;8.0;Ferrari;5.0
245;LEC;16; 00:01:26.831;42.0;5.0;30.927;18.992;36.912;HARD;9.0;Ferrari;5.0
246;LEC;16; 00:01:25.271;43.0;5.0;29.433;18.459;37.379;HARD;10.0;Ferrari;6.0
247;LEC;16; 00:01:36.363;44.0;5.0;29.953;18.038;48.372;HARD;11.0;Ferrari;5.0
248;LEC;16; 00:01:31.269;45.0;5.0;29.782;18.516;42.971;HARD;12.0;Ferrari;5.0
249;LEC;16; 00:01:36.429;46.0;5.0;31.136;17.831;47.462;HARD;13.0;Ferrari;2.0
250;LEC;16; 00:01:56.044;47.0;5.0;41.619;31.863;78.975;HARD;14.0;Ferrari;10.0
251;LEC;16; 00:01:56.044;48.0;6.0;42.86;21.823;51.361;INTERMEDIATE;1.0;Ferrari;10.0
252;LEC;16; 00:02:22.777;49.0;6.0;45.441;32.69;64.646;INTERMEDIATE;2.0;Ferrari;10.0
253;LEC;16; 00:02:19.782;50.0;6.0;50.079;29.365;60.338;INTERMEDIATE;3.0;Ferrari;10.0
254;LEC;16; 00:02:07.996;51.0;6.0;46.891;25.694;55.411;INTERMEDIATE;4.0;Ferrari;10.0
255;LEC;16; 00:01:36.380;52.0;6.0;35.427;19.167;41.786;INTERMEDIATE;5.0;Ferrari;9.0
256;LEC;16; 00:01:32.731;53.0;6.0;32.685;18.763;41.283;INTERMEDIATE;6.0;Ferrari;9.0
257;LEC;16; 00:01:31.082;54.0;6.0;32.942;18.901;39.239;INTERMEDIATE;7.0;Ferrari;8.0
258;LEC;16; 00:01:29.975;55.0;6.0;31.892;18.59;39.493;INTERMEDIATE;8.0;Ferrari;8.0
259;LEC;16; 00:01:29.801;56.0;6.0;31.38;18.561;39.86;INTERMEDIATE;9.0;Ferrari;8.0
260;LEC;16; 00:01:30.964;57.0;6.0;31.616;18.907;40.441;INTERMEDIATE;10.0;Ferrari;8.0
261;STR;18; 00:02:19.485;1.0;1.0;54.693;22.125;68.489;INTERMEDIATE;1.0;Aston Martin;14.0
262;STR;18; 00:02:20.409;2.0;1.0;54.693;34.276;80.512;INTERMEDIATE;2.0;Aston Martin;11.0
263;STR;18; 00:02:20.409;3.0;2.0;51.7;33.597;78.641;INTERMEDIATE;1.0;Aston Martin;11.0
264;STR;18; 00:02:20.409;4.0;3.0;50.522;33.1;71.249;INTERMEDIATE;1.0;Aston Martin;11.0
265;STR;18; 00:02:20.409;5.0;4.0;50.391;31.168;58.85;INTERMEDIATE;1.0;Aston Martin;11.0
266;STR;18; 00:02:20.973;6.0;4.0;42.942;35.542;62.489;INTERMEDIATE;2.0;Aston Martin;11.0
267;STR;18; 00:02:04.687;7.0;4.0;40.835;31.17;52.682;INTERMEDIATE;3.0;Aston Martin;11.0
268;STR;18; 00:01:38.664;8.0;4.0;36.07;20.699;41.895;INTERMEDIATE;4.0;Aston Martin;11.0
269;STR;18; 00:01:36.253;9.0;4.0;34.815;20.356;41.082;INTERMEDIATE;5.0;Aston Martin;11.0
270;STR;18; 00:01:35.140;10.0;4.0;34.318;20.098;40.724;INTERMEDIATE;6.0;Aston Martin;11.0
271;STR;18; 00:01:34.972;11.0;4.0;34.256;19.813;40.903;INTERMEDIATE;7.0;Aston Martin;11.0
272;STR;18; 00:01:34.426;12.0;4.0;34.054;19.952;40.42;INTERMEDIATE;8.0;Aston Martin;11.0
273;STR;18; 00:01:33.899;13.0;4.0;33.728;19.743;40.428;INTERMEDIATE;9.0;Aston Martin;11.0
274;STR;18; 00:01:33.097;14.0;4.0;33.48;19.638;39.979;INTERMEDIATE;10.0;Aston Martin;11.0
275;STR;18; 00:01:32.382;15.0;4.0;33.172;19.573;39.637;INTERMEDIATE;11.0;Aston Martin;11.0
276;STR;18; 00:01:32.554;16.0;4.0;33.147;19.518;39.889;INTERMEDIATE;12.0;Aston Martin;11.0
277;STR;18; 00:01:33.388;17.0;4.0;33.382;19.49;40.516;INTERMEDIATE;13.0;Aston Martin;11.0
278;STR;18; 00:01:33.631;18.0;4.0;33.579;19.552;40.5;INTERMEDIATE;14.0;Aston Martin;11.0
279;STR;18; 00:01:32.684;19.0;4.0;33.07;19.43;40.184;INTERMEDIATE;15.0;Aston Martin;11.0
280;STR;18; 00:01:32.580;20.0;4.0;33.039;19.371;40.17;INTERMEDIATE;16.0;Aston Martin;11.0
281;STR;18; 00:01:32.429;21.0;4.0;33.022;19.304;40.103;INTERMEDIATE;17.0;Aston Martin;11.0
282;STR;18; 00:01:34.269;22.0;4.0;32.986;19.452;41.831;INTERMEDIATE;18.0;Aston Martin;12.0
283;STR;18; 00:01:32.643;23.0;4.0;33.11;19.277;40.256;INTERMEDIATE;19.0;Aston Martin;12.0
284;STR;18; 00:01:32.102;24.0;4.0;32.976;19.283;39.843;INTERMEDIATE;20.0;Aston Martin;12.0
285;STR;18; 00:01:32.092;25.0;4.0;32.667;19.19;40.235;INTERMEDIATE;21.0;Aston Martin;12.0
286;STR;18; 00:01:31.547;26.0;4.0;32.676;19.358;39.513;INTERMEDIATE;22.0;Aston Martin;12.0
287;STR;18; 00:01:31.408;27.0;4.0;32.397;19.166;39.845;INTERMEDIATE;23.0;Aston Martin;12.0
288;STR;18; 00:01:30.725;28.0;4.0;32.017;19.156;39.552;INTERMEDIATE;24.0;Aston Martin;12.0
289;STR;18; 00:01:30.935;29.0;4.0;32.319;19.146;39.47;INTERMEDIATE;25.0;Aston Martin;12.0
290;STR;18; 00:01:30.853;30.0;4.0;32.46;19.033;39.36;INTERMEDIATE;26.0;Aston Martin;12.0
291;STR;18; 00:01:31.077;31.0;4.0;32.533;19.147;39.397;INTERMEDIATE;27.0;Aston Martin;12.0
292;STR;18; 00:01:30.657;32.0;4.0;32.003;19.469;39.185;INTERMEDIATE;28.0;Aston Martin;12.0
293;STR;18; 00:02:02.766;33.0;4.0;32.155;25.972;64.639;INTERMEDIATE;29.0;Aston Martin;11.0
294;STR;18; 00:02:04.993;34.0;5.0;47.742;26.264;50.987;HARD;2.0;Aston Martin;11.0
295;STR;18; 00:01:45.462;35.0;5.0;35.76;26.217;43.485;HARD;3.0;Aston Martin;11.0
296;STR;18; 00:01:39.850;36.0;5.0;32.683;27.967;39.2;HARD;4.0;Aston Martin;11.0
297;STR;18; 00:02:06.301;37.0;5.0;33.203;29.445;63.653;HARD;5.0;Aston Martin;11.0
298;STR;18; 00:02:20.070;38.0;5.0;38.003;39.484;62.583;HARD;6.0;Aston Martin;11.0
299;STR;18; 00:02:11.900;39.0;5.0;37.918;35.259;58.723;HARD;7.0;Aston Martin;11.0
300;STR;18; 00:02:09.900;40.0;5.0;38.748;35.471;55.681;HARD;8.0;Aston Martin;11.0
301;STR;18; 00:02:04.101;41.0;5.0;42.904;28.804;52.393;HARD;9.0;Aston Martin;11.0
302;STR;18; 00:01:27.301;42.0;5.0;30.923;19.001;37.377;HARD;10.0;Aston Martin;11.0
303;STR;18; 00:01:25.538;43.0;5.0;29.78;18.445;37.313;HARD;11.0;Aston Martin;11.0
304;STR;18; 00:01:44.738;44.0;5.0;29.501;18.324;56.913;HARD;12.0;Aston Martin;10.0
305;STR;18; 00:01:37.256;45.0;6.0;37.854;19.421;39.981;INTERMEDIATE;1.0;Aston Martin;10.0
306;STR;18; 00:01:32.361;46.0;6.0;31.718;19.199;41.444;INTERMEDIATE;2.0;Aston Martin;10.0
307;STR;18; 00:02:05.678;47.0;6.0;34.89;33.105;57.683;INTERMEDIATE;3.0;Aston Martin;6.0
308;STR;18; 00:01:59.297;48.0;6.0;40.496;21.252;57.549;INTERMEDIATE;4.0;Aston Martin;6.0
309;STR;18; 00:02:25.123;49.0;6.0;50.928;32.514;61.681;INTERMEDIATE;5.0;Aston Martin;6.0
310;STR;18; 00:02:19.570;50.0;6.0;50.984;31.146;57.44;INTERMEDIATE;6.0;Aston Martin;6.0
311;STR;18; 00:02:13.847;51.0;6.0;46.45;29.796;57.601;INTERMEDIATE;7.0;Aston Martin;6.0
312;STR;18; 00:01:35.395;52.0;6.0;34.809;19.564;41.022;INTERMEDIATE;8.0;Aston Martin;6.0
313;STR;18; 00:01:31.558;53.0;6.0;32.677;19.155;39.726;INTERMEDIATE;9.0;Aston Martin;6.0
314;STR;18; 00:01:30.794;54.0;6.0;32.101;19.054;39.639;INTERMEDIATE;10.0;Aston Martin;6.0
315;STR;18; 00:01:30.387;55.0;6.0;31.722;19.151;39.514;INTERMEDIATE;11.0;Aston Martin;6.0
316;STR;18; 00:01:30.323;56.0;6.0;31.618;19.17;39.535;INTERMEDIATE;12.0;Aston Martin;6.0
317;STR;18; 00:01:30.957;57.0;6.0;31.819;19.209;39.929;INTERMEDIATE;13.0;Aston Martin;6.0
318;TSU;22; 00:02:10.655;1.0;1.0;54.848;21.598;63.68;INTERMEDIATE;1.0;Racing Bulls;9.0
319;TSU;22; 00:02:21.441;2.0;1.0;54.848;35.961;77.41;INTERMEDIATE;2.0;Racing Bulls;6.0
320;TSU;22; 00:02:21.441;3.0;2.0;52.547;33.756;76.617;INTERMEDIATE;3.0;Racing Bulls;6.0
321;TSU;22; 00:02:21.441;4.0;3.0;50.759;33.109;71.327;INTERMEDIATE;4.0;Racing Bulls;6.0
322;TSU;22; 00:02:21.441;5.0;4.0;49.721;33.012;58.708;INTERMEDIATE;5.0;Racing Bulls;6.0
323;TSU;22; 00:02:19.381;6.0;4.0;45.567;33.684;60.13;INTERMEDIATE;6.0;Racing Bulls;6.0
324;TSU;22; 00:02:11.451;7.0;4.0;45.02;30.751;55.68;INTERMEDIATE;7.0;Racing Bulls;6.0
325;TSU;22; 00:01:38.464;8.0;4.0;35.395;20.314;42.755;INTERMEDIATE;8.0;Racing Bulls;6.0
326;TSU;22; 00:01:35.409;9.0;4.0;34.269;19.974;41.166;INTERMEDIATE;9.0;Racing Bulls;6.0
327;TSU;22; 00:01:34.433;10.0;4.0;33.907;19.654;40.872;INTERMEDIATE;10.0;Racing Bulls;6.0
328;TSU;22; 00:01:34.136;11.0;4.0;33.605;19.643;40.888;INTERMEDIATE;11.0;Racing Bulls;6.0
329;TSU;22; 00:01:33.273;12.0;4.0;33.212;19.544;40.517;INTERMEDIATE;12.0;Racing Bulls;6.0
330;TSU;22; 00:01:32.762;13.0;4.0;33.017;19.482;40.263;INTERMEDIATE;13.0;Racing Bulls;6.0
331;TSU;22; 00:01:32.434;14.0;4.0;32.69;19.503;40.241;INTERMEDIATE;14.0;Racing Bulls;6.0
332;TSU;22; 00:01:32.545;15.0;4.0;32.593;19.583;40.369;INTERMEDIATE;15.0;Racing Bulls;6.0
333;TSU;22; 00:01:32.133;16.0;4.0;32.705;19.327;40.101;INTERMEDIATE;16.0;Racing Bulls;6.0
334;TSU;22; 00:01:32.645;17.0;4.0;32.462;19.35;40.833;INTERMEDIATE;17.0;Racing Bulls;6.0
335;TSU;22; 00:01:33.444;18.0;4.0;33.166;19.472;40.806;INTERMEDIATE;18.0;Racing Bulls;6.0
336;TSU;22; 00:01:33.496;19.0;4.0;33.282;19.371;40.843;INTERMEDIATE;19.0;Racing Bulls;6.0
337;TSU;22; 00:01:32.549;20.0;4.0;33.081;19.254;40.214;INTERMEDIATE;20.0;Racing Bulls;6.0
338;TSU;22; 00:01:32.012;21.0;4.0;32.671;19.306;40.035;INTERMEDIATE;21.0;Racing Bulls;6.0
339;TSU;22; 00:01:31.567;22.0;4.0;32.422;19.246;39.899;INTERMEDIATE;22.0;Racing Bulls;6.0
340;TSU;22; 00:01:31.793;23.0;4.0;32.506;19.206;40.081;INTERMEDIATE;23.0;Racing Bulls;6.0
341;TSU;22; 00:01:31.380;24.0;4.0;32.366;19.163;39.851;INTERMEDIATE;24.0;Racing Bulls;6.0
342;TSU;22; 00:01:31.380;25.0;4.0;32.277;19.314;39.789;INTERMEDIATE;25.0;Racing Bulls;6.0
343;TSU;22; 00:01:31.205;26.0;4.0;32.232;19.055;39.918;INTERMEDIATE;26.0;Racing Bulls;6.0
344;TSU;22; 00:01:31.066;27.0;4.0;32.239;19.137;39.69;INTERMEDIATE;27.0;Racing Bulls;6.0
345;TSU;22; 00:01:30.709;28.0;4.0;32.024;19.006;39.679;INTERMEDIATE;28.0;Racing Bulls;6.0
346;TSU;22; 00:01:30.031;29.0;4.0;31.92;18.945;39.166;INTERMEDIATE;29.0;Racing Bulls;6.0
347;TSU;22; 00:01:30.184;30.0;4.0;31.554;18.929;39.701;INTERMEDIATE;30.0;Racing Bulls;6.0
348;TSU;22; 00:01:30.082;31.0;4.0;31.678;19.021;39.383;INTERMEDIATE;31.0;Racing Bulls;6.0
349;TSU;22; 00:01:30.492;32.0;4.0;31.845;19.051;39.596;INTERMEDIATE;32.0;Racing Bulls;6.0
350;TSU;22; 00:01:50.651;33.0;4.0;31.86;19.027;59.764;INTERMEDIATE;33.0;Racing Bulls;6.0
351;TSU;22; 00:02:26.811;34.0;5.0;55.104;43.265;48.442;MEDIUM;1.0;Racing Bulls;6.0
352;TSU;22; 00:01:42.362;35.0;5.0;35.888;24.675;41.799;MEDIUM;2.0;Racing Bulls;6.0
353;TSU;22; 00:01:39.366;36.0;5.0;33.064;26.558;39.744;MEDIUM;3.0;Racing Bulls;6.0
354;TSU;22; 00:02:11.741;37.0;5.0;32.244;28.343;71.154;MEDIUM;4.0;Racing Bulls;6.0
355;TSU;22; 00:02:19.231;38.0;5.0;39.051;41.233;58.947;MEDIUM;5.0;Racing Bulls;6.0
356;TSU;22; 00:02:11.980;39.0;5.0;40.191;35.729;56.06;MEDIUM;6.0;Racing Bulls;6.0
357;TSU;22; 00:02:11.829;40.0;5.0;40.94;34.971;55.918;MEDIUM;7.0;Racing Bulls;6.0
358;TSU;22; 00:02:07.526;41.0;5.0;42.467;30.028;55.031;MEDIUM;8.0;Racing Bulls;6.0
359;TSU;22; 00:01:27.146;42.0;5.0;31.474;18.8;36.872;MEDIUM;9.0;Racing Bulls;6.0
360;TSU;22; 00:01:24.194;43.0;5.0;29.553;18.1;36.541;MEDIUM;10.0;Racing Bulls;5.0
361;TSU;22; 00:01:28.252;44.0;5.0;29.703;18.442;40.107;MEDIUM;11.0;Racing Bulls;2.0
362;TSU;22; 00:01:35.983;45.0;5.0;30.48;18.605;46.898;MEDIUM;12.0;Racing Bulls;3.0
363;TSU;22; 00:01:40.978;46.0;5.0;34.153;18.442;48.383;MEDIUM;13.0;Racing Bulls;4.0
364;TSU;22; 00:01:56.286;47.0;5.0;44.638;33.072;75.602;MEDIUM;14.0;Racing Bulls;11.0
365;TSU;22; 00:01:56.286;48.0;6.0;44.076;21.954;50.256;INTERMEDIATE;1.0;Racing Bulls;11.0
366;TSU;22; 00:02:22.564;49.0;6.0;45.095;32.615;64.854;INTERMEDIATE;2.0;Racing Bulls;11.0
367;TSU;22; 00:02:20.101;50.0;6.0;49.609;29.727;60.765;INTERMEDIATE;3.0;Racing Bulls;11.0
368;TSU;22; 00:02:07.055;51.0;6.0;45.712;26.251;55.092;INTERMEDIATE;4.0;Racing Bulls;11.0
369;TSU;22; 00:01:37.809;52.0;6.0;35.918;19.545;42.346;INTERMEDIATE;5.0;Racing Bulls;11.0
370;TSU;22; 00:01:34.836;53.0;6.0;34.723;19.01;41.103;INTERMEDIATE;6.0;Racing Bulls;12.0
371;TSU;22; 00:01:32.363;54.0;6.0;32.73;18.917;40.716;INTERMEDIATE;7.0;Racing Bulls;12.0
372;TSU;22; 00:01:31.891;55.0;6.0;32.22;18.926;40.745;INTERMEDIATE;8.0;Racing Bulls;12.0
373;TSU;22; 00:01:31.524;56.0;6.0;32.151;18.97;40.403;INTERMEDIATE;9.0;Racing Bulls;12.0
374;TSU;22; 00:01:31.511;57.0;6.0;31.959;19.035;40.517;INTERMEDIATE;10.0;Racing Bulls;12.0
375;ALB;23; 00:02:12.195;1.0;1.0;54.638;21.334;65.027;INTERMEDIATE;1.0;Williams;10.0
376;ALB;23; 00:02:22.084;2.0;1.0;54.638;35.482;78.744;INTERMEDIATE;2.0;Williams;7.0
377;ALB;23; 00:02:22.084;3.0;2.0;51.46;35.308;76.855;INTERMEDIATE;1.0;Williams;7.0
378;ALB;23; 00:02:22.084;4.0;3.0;59;33.111;71.161;INTERMEDIATE;2.0;Williams;7.0
379;ALB;23; 00:02:22.084;5.0;4.0;51.338;30.169;60.577;INTERMEDIATE;3.0;Williams;7.0
380;ALB;23; 00:02:19.612;6.0;4.0;44.267;34.013;61.332;INTERMEDIATE;4.0;Williams;7.0
381;ALB;23; 00:02:09.065;7.0;4.0;43.84;29.976;55.249;INTERMEDIATE;5.0;Williams;7.0
382;ALB;23; 00:01:38.281;8.0;4.0;35.515;20.233;42.533;INTERMEDIATE;6.0;Williams;7.0
383;ALB;23; 00:01:36.300;9.0;4.0;34.639;19.865;41.796;INTERMEDIATE;7.0;Williams;7.0
384;ALB;23; 00:01:34.494;10.0;4.0;33.776;19.742;40.976;INTERMEDIATE;8.0;Williams;7.0
385;ALB;23; 00:01:34.206;11.0;4.0;33.54;19.704;40.962;INTERMEDIATE;9.0;Williams;7.0
386;ALB;23; 00:01:33.713;12.0;4.0;33.608;19.618;40.487;INTERMEDIATE;10.0;Williams;7.0
387;ALB;23; 00:01:33.153;13.0;4.0;32.977;19.626;40.55;INTERMEDIATE;11.0;Williams;7.0
388;ALB;23; 00:01:32.717;14.0;4.0;32.616;19.518;40.583;INTERMEDIATE;12.0;Williams;7.0
389;ALB;23; 00:01:32.733;15.0;4.0;32.697;19.708;40.328;INTERMEDIATE;13.0;Williams;7.0
390;ALB;23; 00:01:32.464;16.0;4.0;32.739;19.55;40.175;INTERMEDIATE;14.0;Williams;7.0
391;ALB;23; 00:01:33.088;17.0;4.0;32.561;19.584;40.943;INTERMEDIATE;15.0;Williams;7.0
392;ALB;23; 00:01:32.981;18.0;4.0;32.835;19.417;40.729;INTERMEDIATE;16.0;Williams;7.0
393;ALB;23; 00:01:33.051;19.0;4.0;33.147;19.406;40.498;INTERMEDIATE;17.0;Williams;7.0
394;ALB;23; 00:01:32.356;20.0;4.0;32.781;19.214;40.361;INTERMEDIATE;18.0;Williams;7.0
395;ALB;23; 00:01:32.036;21.0;4.0;32.606;19.344;40.086;INTERMEDIATE;19.0;Williams;7.0
396;ALB;23; 00:01:32.053;22.0;4.0;32.52;19.255;40.278;INTERMEDIATE;20.0;Williams;7.0
397;ALB;23; 00:01:31.750;23.0;4.0;32.667;19.169;39.914;INTERMEDIATE;21.0;Williams;7.0
398;ALB;23; 00:01:31.868;24.0;4.0;32.559;19.139;40.17;INTERMEDIATE;22.0;Williams;7.0
399;ALB;23; 00:01:31.014;25.0;4.0;32.264;19.137;39.613;INTERMEDIATE;23.0;Williams;7.0
400;ALB;23; 00:01:31.309;26.0;4.0;32.562;19.127;39.62;INTERMEDIATE;24.0;Williams;7.0
401;ALB;23; 00:01:30.452;27.0;4.0;32.063;19.107;39.282;INTERMEDIATE;25.0;Williams;7.0
402;ALB;23; 00:01:30.332;28.0;4.0;32.112;19.035;39.185;INTERMEDIATE;26.0;Williams;7.0
403;ALB;23; 00:01:30.023;29.0;4.0;31.76;19.016;39.247;INTERMEDIATE;27.0;Williams;7.0
404;ALB;23; 00:01:29.628;30.0;4.0;31.511;18.876;39.241;INTERMEDIATE;28.0;Williams;7.0
405;ALB;23; 00:01:30.053;31.0;4.0;31.829;19.026;39.198;INTERMEDIATE;29.0;Williams;7.0
406;ALB;23; 00:01:30.186;32.0;4.0;32.0;19.029;39.157;INTERMEDIATE;30.0;Williams;7.0
407;ALB;23; 00:01:50.179;33.0;4.0;31.78;18.934;59.465;INTERMEDIATE;31.0;Williams;7.0
408;ALB;23; 00:02:27.472;34.0;5.0;55.333;43.059;49.08;MEDIUM;1.0;Williams;7.0
409;ALB;23; 00:01:42.979;35.0;5.0;35.361;26.965;40.653;MEDIUM;2.0;Williams;7.0
410;ALB;23; 00:01:42.745;36.0;5.0;32.857;31.34;38.548;MEDIUM;3.0;Williams;7.0
411;ALB;23; 00:02:07.286;37.0;5.0;33.338;29.122;64.826;MEDIUM;4.0;Williams;7.0
412;ALB;23; 00:02:19.137;38.0;5.0;39.774;40.39;58.973;MEDIUM;5.0;Williams;7.0
413;ALB;23; 00:02:12.043;39.0;5.0;40.189;35.829;56.025;MEDIUM;6.0;Williams;7.0
414;ALB;23; 00:02:11.839;40.0;5.0;41.658;34.413;55.768;MEDIUM;7.0;Williams;7.0
415;ALB;23; 00:02:07.143;41.0;5.0;42.976;29.357;54.81;MEDIUM;8.0;Williams;7.0
416;ALB;23; 00:01:27.127;42.0;5.0;31.343;18.776;37.008;MEDIUM;9.0;Williams;7.0
417;ALB;23; 00:01:24.597;43.0;5.0;29.496;18.2;36.901;MEDIUM;10.0;Williams;7.0
418;ALB;23; 00:01:45.335;44.0;5.0;29.876;18.171;57.288;MEDIUM;11.0;Williams;9.0
419;ALB;23; 00:01:36.573;45.0;6.0;37.246;18.881;40.446;INTERMEDIATE;1.0;Williams;9.0
420;ALB;23; 00:01:32.795;46.0;6.0;31.869;18.953;41.973;INTERMEDIATE;2.0;Williams;7.0
421;ALB;23; 00:02:05.490;47.0;6.0;35.865;32.418;57.207;INTERMEDIATE;3.0;Williams;4.0
422;ALB;23; 00:01:59.008;48.0;6.0;39.533;21.649;57.826;INTERMEDIATE;4.0;Williams;4.0
423;ALB;23; 00:02:24.662;49.0;6.0;51.77;32.102;60.79;INTERMEDIATE;5.0;Williams;4.0
424;ALB;23; 00:02:21.482;50.0;6.0;52.815;31.26;57.407;INTERMEDIATE;6.0;Williams;4.0
425;ALB;23; 00:02:13.177;51.0;6.0;47.246;29.759;56.172;INTERMEDIATE;7.0;Williams;4.0
426;ALB;23; 00:01:34.996;52.0;6.0;34.191;19.708;41.097;INTERMEDIATE;8.0;Williams;4.0
427;ALB;23; 00:01:31.917;53.0;6.0;32.586;19.108;40.223;INTERMEDIATE;9.0;Williams;4.0
428;ALB;23; 00:01:30.587;54.0;6.0;32.122;19.072;39.393;INTERMEDIATE;10.0;Williams;4.0
429;ALB;23; 00:01:30.301;55.0;6.0;31.82;19.049;39.432;INTERMEDIATE;11.0;Williams;4.0
430;ALB;23; 00:01:30.298;56.0;6.0;31.241;18.867;40.19;INTERMEDIATE;12.0;Williams;5.0
431;ALB;23; 00:01:29.944;57.0;6.0;31.494;18.857;39.593;INTERMEDIATE;13.0;Williams;5.0
432;HUL;27; 00:02:21.221;1.0;1.0;54.941;22.276;68.947;INTERMEDIATE;1.0;Kick Sauber;15.0
433;HUL;27; 00:02:19.058;2.0;1.0;54.941;32.858;81.599;INTERMEDIATE;2.0;Kick Sauber;12.0
434;HUL;27; 00:02:19.058;3.0;2.0;51.306;33.479;79.438;INTERMEDIATE;3.0;Kick Sauber;12.0
435;HUL;27; 00:02:19.058;4.0;3.0;50.322;32.589;72.226;INTERMEDIATE;4.0;Kick Sauber;12.0
436;HUL;27; 00:02:19.058;5.0;4.0;49.793;30.263;59.002;INTERMEDIATE;5.0;Kick Sauber;12.0
437;HUL;27; 00:02:21.111;6.0;4.0;42.669;35.545;62.897;INTERMEDIATE;6.0;Kick Sauber;12.0
438;HUL;27; 00:02:04.116;7.0;4.0;41.833;30.29;51.993;INTERMEDIATE;7.0;Kick Sauber;12.0
439;HUL;27; 00:01:38.959;8.0;4.0;36.183;20.258;42.518;INTERMEDIATE;8.0;Kick Sauber;12.0
440;HUL;27; 00:01:36.510;9.0;4.0;34.846;20.162;41.502;INTERMEDIATE;9.0;Kick Sauber;12.0
441;HUL;27; 00:01:35.044;10.0;4.0;34.233;19.802;41.009;INTERMEDIATE;10.0;Kick Sauber;12.0
442;HUL;27; 00:01:34.990;11.0;4.0;34.126;19.628;41.236;INTERMEDIATE;11.0;Kick Sauber;12.0
443;HUL;27; 00:01:34.989;12.0;4.0;34.111;19.638;41.24;INTERMEDIATE;12.0;Kick Sauber;12.0
444;HUL;27; 00:01:34.064;13.0;4.0;33.86;19.63;40.574;INTERMEDIATE;13.0;Kick Sauber;12.0
445;HUL;27; 00:01:35.018;14.0;4.0;33.672;19.689;41.657;INTERMEDIATE;14.0;Kick Sauber;13.0
446;HUL;27; 00:01:33.611;15.0;4.0;33.546;19.562;40.503;INTERMEDIATE;15.0;Kick Sauber;13.0
447;HUL;27; 00:01:33.856;16.0;4.0;33.705;19.438;40.713;INTERMEDIATE;16.0;Kick Sauber;12.0
448;HUL;27; 00:01:34.817;17.0;4.0;33.248;19.522;42.047;INTERMEDIATE;17.0;Kick Sauber;13.0
449;HUL;27; 00:01:33.796;18.0;4.0;33.341;19.377;41.078;INTERMEDIATE;18.0;Kick Sauber;13.0
450;HUL;27; 00:01:33.520;19.0;4.0;33.281;19.41;40.829;INTERMEDIATE;19.0;Kick Sauber;13.0
451;HUL;27; 00:01:33.867;20.0;4.0;32.992;19.306;41.569;INTERMEDIATE;20.0;Kick Sauber;13.0
452;HUL;27; 00:01:33.220;21.0;4.0;33.16;19.336;40.724;INTERMEDIATE;21.0;Kick Sauber;13.0
453;HUL;27; 00:01:33.185;22.0;4.0;33.304;19.367;40.514;INTERMEDIATE;22.0;Kick Sauber;13.0
454;HUL;27; 00:01:32.765;23.0;4.0;32.799;19.247;40.719;INTERMEDIATE;23.0;Kick Sauber;13.0
455;HUL;27; 00:01:32.469;24.0;4.0;32.825;19.345;40.299;INTERMEDIATE;24.0;Kick Sauber;13.0
456;HUL;27; 00:01:31.975;25.0;4.0;32.628;19.271;40.076;INTERMEDIATE;25.0;Kick Sauber;13.0
457;HUL;27; 00:01:31.810;26.0;4.0;32.653;19.338;39.819;INTERMEDIATE;26.0;Kick Sauber;13.0
458;HUL;27; 00:01:31.118;27.0;4.0;32.379;19.173;39.566;INTERMEDIATE;27.0;Kick Sauber;13.0
459;HUL;27; 00:01:30.801;28.0;4.0;32.247;19.196;39.358;INTERMEDIATE;28.0;Kick Sauber;13.0
460;HUL;27; 00:01:30.378;29.0;4.0;32.112;19.125;39.141;INTERMEDIATE;29.0;Kick Sauber;13.0
461;HUL;27; 00:01:30.691;30.0;4.0;32.048;19.285;39.358;INTERMEDIATE;30.0;Kick Sauber;13.0
462;HUL;27; 00:01:30.071;31.0;4.0;31.864;19.06;39.147;INTERMEDIATE;31.0;Kick Sauber;13.0
463;HUL;27; 00:01:30.109;32.0;4.0;32.056;19.242;38.811;INTERMEDIATE;32.0;Kick Sauber;13.0
464;HUL;27; 00:02:05.643;33.0;4.0;31.748;27.04;66.855;INTERMEDIATE;33.0;Kick Sauber;12.0
465;HUL;27; 00:02:04.547;34.0;5.0;47.723;29.614;47.21;MEDIUM;1.0;Kick Sauber;12.0
466;HUL;27; 00:01:43.738;35.0;5.0;36.092;26.746;40.9;MEDIUM;2.0;Kick Sauber;12.0
467;HUL;27; 00:01:39.268;36.0;5.0;32.729;27.808;38.731;MEDIUM;3.0;Kick Sauber;12.0
468;HUL;27; 00:02:00.019;37.0;5.0;31.433;28.144;60.442;MEDIUM;4.0;Kick Sauber;12.0
469;HUL;27; 00:02:19.971;38.0;5.0;38.06;38.725;63.186;MEDIUM;5.0;Kick Sauber;12.0
470;HUL;27; 00:02:11.714;39.0;5.0;38.204;34.474;59.036;MEDIUM;6.0;Kick Sauber;12.0
471;HUL;27; 00:02:10.024;40.0;5.0;38.773;35.573;55.678;MEDIUM;7.0;Kick Sauber;12.0
472;HUL;27; 00:02:03.528;41.0;5.0;43.382;27.686;52.46;MEDIUM;8.0;Kick Sauber;12.0
473;HUL;27; 00:01:27.472;42.0;5.0;31.081;19.257;37.134;MEDIUM;9.0;Kick Sauber;12.0
474;HUL;27; 00:01:25.243;43.0;5.0;30.039;18.732;36.472;MEDIUM;10.0;Kick Sauber;12.0
475;HUL;27; 00:01:46.696;44.0;5.0;30.497;18.959;57.24;MEDIUM;11.0;Kick Sauber;12.0
476;HUL;27; 00:01:37.137;45.0;6.0;37.709;19.258;40.17;INTERMEDIATE;1.0;Kick Sauber;12.0
477;HUL;27; 00:01:31.210;46.0;6.0;31.335;19.143;40.732;INTERMEDIATE;2.0;Kick Sauber;12.0
478;HUL;27; 00:02:05.179;47.0;6.0;38.914;29.037;57.228;INTERMEDIATE;3.0;Kick Sauber;7.0
479;HUL;27; 00:02:00.075;48.0;6.0;41.96;21.517;56.598;INTERMEDIATE;4.0;Kick Sauber;7.0
480;HUL;27; 00:02:24.804;49.0;6.0;50.498;32.115;62.191;INTERMEDIATE;5.0;Kick Sauber;7.0
481;HUL;27; 00:02:19.444;50.0;6.0;51.223;30.682;57.539;INTERMEDIATE;6.0;Kick Sauber;7.0
482;HUL;27; 00:02:12.717;51.0;6.0;46.37;29.224;57.123;INTERMEDIATE;7.0;Kick Sauber;7.0
483;HUL;27; 00:01:35.935;52.0;6.0;35.346;19.5;41.089;INTERMEDIATE;8.0;Kick Sauber;7.0
484;HUL;27; 00:01:31.815;53.0;6.0;32.726;19.124;39.965;INTERMEDIATE;9.0;Kick Sauber;7.0
485;HUL;27; 00:01:30.994;54.0;6.0;32.446;19.07;39.478;INTERMEDIATE;10.0;Kick Sauber;7.0
486;HUL;27; 00:01:30.437;55.0;6.0;31.527;18.83;40.08;INTERMEDIATE;11.0;Kick Sauber;7.0
487;HUL;27; 00:01:30.360;56.0;6.0;31.692;18.902;39.766;INTERMEDIATE;12.0;Kick Sauber;7.0
488;HUL;27; 00:01:30.860;57.0;6.0;31.739;19.048;40.073;INTERMEDIATE;13.0;Kick Sauber;7.0
489;LAW;30; 00:02:28.795;1.0;3.0;55.833;30.971;64.122;INTERMEDIATE;1.0;Red Bull Racing;19.0
490;LAW;30; 00:02:11.293;2.0;3.0;55.833;30.35;83.116;INTERMEDIATE;2.0;Red Bull Racing;16.0
491;LAW;30; 00:02:11.293;3.0;4.0;50.966;32.077;82.298;INTERMEDIATE;3.0;Red Bull Racing;16.0
492;LAW;30; 00:02:11.293;4.0;5.0;50.211;29.835;80.347;INTERMEDIATE;4.0;Red Bull Racing;16.0
493;LAW;30; 00:02:11.293;5.0;6.0;49.874;23.666;57.753;INTERMEDIATE;1.0;Red Bull Racing;16.0
494;LAW;30; 00:02:21.609;6.0;6.0;41.25;36.661;63.698;INTERMEDIATE;2.0;Red Bull Racing;16.0
495;LAW;30; 00:02:02.216;7.0;6.0;40.083;30.379;51.754;INTERMEDIATE;3.0;Red Bull Racing;16.0
496;LAW;30; 00:01:40.582;8.0;6.0;36.302;20.823;43.457;INTERMEDIATE;4.0;Red Bull Racing;16.0
497;LAW;30; 00:01:38.439;9.0;6.0;35.232;20.72;42.487;INTERMEDIATE;5.0;Red Bull Racing;16.0
498;LAW;30; 00:01:36.614;10.0;6.0;34.497;20.047;42.07;INTERMEDIATE;6.0;Red Bull Racing;16.0
499;LAW;30; 00:01:35.174;11.0;6.0;33.498;20.106;41.57;INTERMEDIATE;7.0;Red Bull Racing;16.0
500;LAW;30; 00:01:34.064;12.0;6.0;33.347;19.571;41.146;INTERMEDIATE;8.0;Red Bull Racing;16.0
501;LAW;30; 00:01:34.316;13.0;6.0;33.359;19.473;41.484;INTERMEDIATE;9.0;Red Bull Racing;16.0
502;LAW;30; 00:01:33.617;14.0;6.0;33.356;19.69;40.571;INTERMEDIATE;10.0;Red Bull Racing;16.0
503;LAW;30; 00:01:33.502;15.0;6.0;33.265;19.495;40.742;INTERMEDIATE;11.0;Red Bull Racing;16.0
504;LAW;30; 00:01:33.915;16.0;6.0;33.178;19.237;41.5;INTERMEDIATE;12.0;Red Bull Racing;16.0
505;LAW;30; 00:01:34.575;17.0;6.0;33.857;19.442;41.276;INTERMEDIATE;13.0;Red Bull Racing;16.0
506;LAW;30; 00:01:35.002;18.0;6.0;33.297;19.167;42.538;INTERMEDIATE;14.0;Red Bull Racing;16.0
507;LAW;30; 00:01:34.695;19.0;6.0;33.159;19.007;42.529;INTERMEDIATE;15.0;Red Bull Racing;15.0
508;LAW;30; 00:01:33.497;20.0;6.0;33.285;19.399;40.813;INTERMEDIATE;16.0;Red Bull Racing;15.0
509;LAW;30; 00:01:32.883;21.0;6.0;32.994;19.257;40.632;INTERMEDIATE;17.0;Red Bull Racing;15.0
510;LAW;30; 00:01:32.080;22.0;6.0;32.584;19.345;40.151;INTERMEDIATE;18.0;Red Bull Racing;15.0
511;LAW;30; 00:01:32.622;23.0;6.0;32.984;19.307;40.331;INTERMEDIATE;19.0;Red Bull Racing;15.0
512;LAW;30; 00:01:32.155;24.0;6.0;32.524;19.394;40.237;INTERMEDIATE;20.0;Red Bull Racing;15.0
513;LAW;30; 00:01:31.959;25.0;6.0;32.698;19.163;40.098;INTERMEDIATE;21.0;Red Bull Racing;15.0
514;LAW;30; 00:01:31.129;26.0;6.0;32.146;19.066;39.917;INTERMEDIATE;22.0;Red Bull Racing;15.0
515;LAW;30; 00:01:31.094;27.0;6.0;32.249;19.096;39.749;INTERMEDIATE;23.0;Red Bull Racing;15.0
516;LAW;30; 00:01:31.084;28.0;6.0;31.836;19.568;39.68;INTERMEDIATE;24.0;Red Bull Racing;15.0
517;LAW;30; 00:01:30.803;29.0;6.0;32.139;19.191;39.473;INTERMEDIATE;25.0;Red Bull Racing;15.0
518;LAW;30; 00:01:31.312;30.0;6.0;32.176;19.287;39.849;INTERMEDIATE;26.0;Red Bull Racing;15.0
519;LAW;30; 00:01:31.649;31.0;6.0;32.217;19.208;40.224;INTERMEDIATE;27.0;Red Bull Racing;15.0
520;LAW;30; 00:01:33.760;32.0;6.0;33.259;20.172;40.329;INTERMEDIATE;28.0;Red Bull Racing;15.0
521;LAW;30; 00:02:08.342;33.0;6.0;33.47;30.518;64.354;INTERMEDIATE;29.0;Red Bull Racing;15.0
522;LAW;30; 00:02:04.275;34.0;7.0;46.181;29.653;48.441;MEDIUM;1.0;Red Bull Racing;16.0
523;LAW;30; 00:02:08.710;35.0;7.0;40.793;33.852;54.065;MEDIUM;2.0;Red Bull Racing;16.0
524;LAW;30; 00:02:17.760;36.0;7.0;46.136;40.897;74.778;MEDIUM;3.0;Red Bull Racing;16.0
525;LAW;30; 00:02:17.760;37.0;7.0;40.914;42.012;54.834;MEDIUM;4.0;Red Bull Racing;16.0
526;LAW;30; 00:02:13.353;38.0;7.0;43.569;34.894;54.89;MEDIUM;5.0;Red Bull Racing;16.0
527;LAW;30; 00:01:48.534;39.0;7.0;42.936;25.015;40.583;MEDIUM;6.0;Red Bull Racing;14.0
528;LAW;30; 00:01:31.050;40.0;7.0;31.869;21.143;38.038;MEDIUM;7.0;Red Bull Racing;14.0
529;LAW;30; 00:01:26.446;41.0;7.0;30.467;19.372;36.607;MEDIUM;8.0;Red Bull Racing;14.0
530;LAW;30; 00:01:24.098;42.0;7.0;29.498;18.79;35.81;MEDIUM;9.0;Red Bull Racing;14.0
531;LAW;30; 00:01:22.970;43.0;7.0;28.841;18.234;35.895;MEDIUM;10.0;Red Bull Racing;14.0
532;LAW;30; 00:01:26.332;44.0;7.0;28.698;18.777;38.857;MEDIUM;11.0;Red Bull Racing;7.0
533;LAW;30; 00:01:37.844;45.0;7.0;31.402;18.773;47.669;MEDIUM;12.0;Red Bull Racing;7.0
534;LAW;30; 00:01:39.457;46.0;7.0;32.773;19.003;47.681;MEDIUM;13.0;Red Bull Racing;9.0
535;LAW;30; 00:02:25.769;47.0;7.0;55.831;26.46;67.938;MEDIUM;14.0;Red Bull Racing;18.0
536;OCO;31; 00:02:25.769;1.0;1.0;55.831;26.46;67.938;INTERMEDIATE;1.0;Haas F1 Team;18.0
537;OCO;31; 00:02:10.528;2.0;1.0;55.831;31.695;82.393;INTERMEDIATE;2.0;Haas F1 Team;15.0
538;OCO;31; 00:02:10.528;3.0;2.0;51.532;32.008;81.531;INTERMEDIATE;3.0;Haas F1 Team;15.0
539;OCO;31; 00:02:10.528;4.0;3.0;50.497;30.586;81.109;INTERMEDIATE;4.0;Haas F1 Team;15.0
540;OCO;31; 00:02:10.528;5.0;4.0;48.221;25.144;57.163;INTERMEDIATE;1.0;Haas F1 Team;15.0
541;OCO;31; 00:02:20.986;6.0;4.0;41.743;35.534;63.709;INTERMEDIATE;2.0;Haas F1 Team;15.0
542;OCO;31; 00:02:03.018;7.0;4.0;40.716;30.837;51.465;INTERMEDIATE;3.0;Haas F1 Team;15.0
543;OCO;31; 00:01:40.522;8.0;4.0;36.515;20.724;43.283;INTERMEDIATE;4.0;Haas F1 Team;15.0
544;OCO;31; 00:01:38.049;9.0;4.0;35.372;20.303;42.374;INTERMEDIATE;5.0;Haas F1 Team;15.0
545;OCO;31; 00:01:36.474;10.0;4.0;34.541;20.181;41.752;INTERMEDIATE;6.0;Haas F1 Team;15.0
546;OCO;31; 00:01:35.696;11.0;4.0;34.533;19.996;41.167;INTERMEDIATE;7.0;Haas F1 Team;15.0
547;OCO;31; 00:01:34.577;12.0;4.0;34.184;19.885;40.508;INTERMEDIATE;8.0;Haas F1 Team;15.0
548;OCO;31; 00:01:33.936;13.0;4.0;33.814;19.76;40.362;INTERMEDIATE;9.0;Haas F1 Team;15.0
549;OCO;31; 00:01:33.526;14.0;4.0;33.676;19.492;40.358;INTERMEDIATE;10.0;Haas F1 Team;15.0
550;OCO;31; 00:01:33.703;15.0;4.0;33.827;19.464;40.412;INTERMEDIATE;11.0;Haas F1 Team;15.0
551;OCO;31; 00:01:33.951;16.0;4.0;33.729;19.438;40.784;INTERMEDIATE;12.0;Haas F1 Team;15.0
552;OCO;31; 00:01:34.737;17.0;4.0;33.862;19.472;41.403;INTERMEDIATE;13.0;Haas F1 Team;15.0
553;OCO;31; 00:01:35.309;18.0;4.0;33.567;19.47;42.272;INTERMEDIATE;14.0;Haas F1 Team;15.0
554;OCO;31; 00:01:36.266;19.0;4.0;33.414;19.397;43.455;INTERMEDIATE;15.0;Haas F1 Team;16.0
555;OCO;31; 00:01:34.392;20.0;4.0;33.915;19.385;41.092;INTERMEDIATE;16.0;Haas F1 Team;16.0
556;OCO;31; 00:01:33.391;21.0;4.0;33.421;19.169;40.801;INTERMEDIATE;17.0;Haas F1 Team;16.0
557;OCO;31; 00:01:33.533;22.0;4.0;33.389;19.224;40.92;INTERMEDIATE;18.0;Haas F1 Team;16.0
558;OCO;31; 00:01:33.338;23.0;4.0;33.216;19.337;40.785;INTERMEDIATE;19.0;Haas F1 Team;16.0
559;OCO;31; 00:01:33.048;24.0;4.0;33.089;19.269;40.69;INTERMEDIATE;20.0;Haas F1 Team;16.0
560;OCO;31; 00:01:32.538;25.0;4.0;32.968;19.225;40.345;INTERMEDIATE;21.0;Haas F1 Team;16.0
561;OCO;31; 00:01:32.540;26.0;4.0;32.87;19.322;40.348;INTERMEDIATE;22.0;Haas F1 Team;16.0
562;OCO;31; 00:01:32.302;27.0;4.0;32.778;19.238;40.286;INTERMEDIATE;23.0;Haas F1 Team;16.0
563;OCO;31; 00:01:32.210;28.0;4.0;32.499;19.286;40.425;INTERMEDIATE;24.0;Haas F1 Team;16.0
564;OCO;31; 00:01:33.743;29.0;4.0;34.667;19.133;39.943;INTERMEDIATE;25.0;Haas F1 Team;16.0
565;OCO;31; 00:01:31.501;30.0;4.0;32.641;19.103;39.757;INTERMEDIATE;26.0;Haas F1 Team;16.0
566;OCO;31; 00:01:31.624;31.0;4.0;32.297;19.419;39.908;INTERMEDIATE;27.0;Haas F1 Team;16.0
567;OCO;31; 00:01:31.155;32.0;4.0;31.94;20.057;39.158;INTERMEDIATE;28.0;Haas F1 Team;16.0
568;OCO;31; 00:01:55.932;33.0;4.0;38.852;29.562;47.518;INTERMEDIATE;29.0;Haas F1 Team;14.0
569;OCO;31; 00:02:00.551;34.0;4.0;42.972;31.576;46.003;INTERMEDIATE;30.0;Haas F1 Team;14.0
570;OCO;31; 00:02:12.165;35.0;4.0;42.151;35.341;54.673;INTERMEDIATE;31.0;Haas F1 Team;14.0
571;OCO;31; 00:02:20.137;36.0;4.0;45.039;41.403;71.86;INTERMEDIATE;32.0;Haas F1 Team;14.0
572;OCO;31; 00:02:20.137;37.0;4.0;44.21;41.09;54.837;INTERMEDIATE;33.0;Haas F1 Team;14.0
573;OCO;31; 00:02:12.933;38.0;4.0;43.583;34.325;55.025;INTERMEDIATE;34.0;Haas F1 Team;14.0
574;OCO;31; 00:02:04.201;39.0;4.0;42.286;21.998;59.917;INTERMEDIATE;35.0;Haas F1 Team;15.0
575;OCO;31; 00:01:42.035;40.0;5.0;42.369;20.285;39.381;MEDIUM;1.0;Haas F1 Team;15.0
576;OCO;31; 00:01:29.339;41.0;5.0;32.041;19.341;37.957;MEDIUM;2.0;Haas F1 Team;15.0
577;OCO;31; 00:01:26.764;42.0;5.0;30.261;19.144;37.359;MEDIUM;3.0;Haas F1 Team;15.0
578;OCO;31; 00:01:28.505;43.0;5.0;30.027;18.897;39.581;MEDIUM;4.0;Haas F1 Team;15.0
579;OCO;31; 00:01:33.574;44.0;5.0;33;18.857;44.714;MEDIUM;5.0;Haas F1 Team;14.0
580;OCO;31; 00:01:36.259;45.0;5.0;30.74;18.823;46.696;MEDIUM;6.0;Haas F1 Team;14.0
581;OCO;31; 00:02:21.745;46.0;5.0;40.828;23.639;77.278;MEDIUM;7.0;Haas F1 Team;13.0
582;OCO;31; 00:02:07.226;47.0;6.0;52.325;26.25;48.651;INTERMEDIATE;1.0;Haas F1 Team;12.0
583;OCO;31; 00:01:46.416;48.0;6.0;40.046;20.638;45.732;INTERMEDIATE;2.0;Haas F1 Team;12.0
584;OCO;31; 00:01:41.743;49.0;6.0;38.787;20.242;42.714;INTERMEDIATE;3.0;Haas F1 Team;12.0
585;OCO;31; 00:02:02.853;50.0;6.0;35.793;26.509;60.551;INTERMEDIATE;4.0;Haas F1 Team;12.0
586;OCO;31; 00:02:07.663;51.0;6.0;45.866;26.039;55.758;INTERMEDIATE;5.0;Haas F1 Team;13.0
587;OCO;31; 00:01:38.747;52.0;6.0;35.981;19.771;42.995;INTERMEDIATE;6.0;Haas F1 Team;13.0
588;OCO;31; 00:01:34.582;53.0;6.0;34.133;19.343;41.106;INTERMEDIATE;7.0;Haas F1 Team;13.0
589;OCO;31; 00:01:33.152;54.0;6.0;32.927;19.345;40.88;INTERMEDIATE;8.0;Haas F1 Team;13.0
590;OCO;31; 00:01:32.260;55.0;6.0;32.69;19.264;40.306;INTERMEDIATE;9.0;Haas F1 Team;13.0
591;OCO;31; 00:01:31.913;56.0;6.0;32.451;19.168;40.294;INTERMEDIATE;10.0;Haas F1 Team;13.0
592;OCO;31; 00:01:30.924;57.0;6.0;32.076;19.022;39.826;INTERMEDIATE;11.0;Haas F1 Team;13.0
593;NOR;4; 00:01:57.099;1.0;1.0;58.907;20.913;54.007;INTERMEDIATE;1.0;McLaren;1.0
594;NOR;4; 00:02:23.648;2.0;1.0;58.907;38.076;72.905;INTERMEDIATE;2.0;McLaren;1.0
595;NOR;4; 00:02:23.648;3.0;2.0;56.498;34.215;71.01;INTERMEDIATE;3.0;McLaren;1.0
596;NOR;4; 00:02:23.648;4.0;3.0;55.356;32.664;68.033;INTERMEDIATE;4.0;McLaren;1.0
597;NOR;4; 00:02:23.648;5.0;4.0;53.992;31.669;57.987;INTERMEDIATE;5.0;McLaren;1.0
598;NOR;4; 00:02:20.423;6.0;4.0;48.236;33.814;58.373;INTERMEDIATE;6.0;McLaren;1.0
599;NOR;4; 00:02:17.108;7.0;4.0;46.009;30.022;61.077;INTERMEDIATE;7.0;McLaren;1.0
600;NOR;4; 00:01:36.278;8.0;4.0;34.845;20.542;40.891;INTERMEDIATE;8.0;McLaren;1.0
601;NOR;4; 00:01:34.638;9.0;4.0;34.182;19.932;40.524;INTERMEDIATE;9.0;McLaren;1.0
602;NOR;4; 00:01:32.130;10.0;4.0;32.775;19.521;39.834;INTERMEDIATE;10.0;McLaren;1.0
603;NOR;4; 00:01:32.189;11.0;4.0;32.971;19.542;39.676;INTERMEDIATE;11.0;McLaren;1.0
604;NOR;4; 00:01:31.778;12.0;4.0;33.041;19.428;39.309;INTERMEDIATE;12.0;McLaren;1.0
605;NOR;4; 00:01:31.318;13.0;4.0;32.701;19.369;39.248;INTERMEDIATE;13.0;McLaren;1.0
606;NOR;4; 00:01:30.795;14.0;4.0;32.293;19.273;39.229;INTERMEDIATE;14.0;McLaren;1.0
607;NOR;4; 00:01:30.226;15.0;4.0;32.127;19.243;38.856;INTERMEDIATE;15.0;McLaren;1.0
608;NOR;4; 00:01:29.952;16.0;4.0;31.957;19.167;38.828;INTERMEDIATE;16.0;McLaren;1.0
609;NOR;4; 00:01:30.264;17.0;4.0;31.99;19.045;39.229;INTERMEDIATE;17.0;McLaren;1.0
610;NOR;4; 00:01:30.146;18.0;4.0;31.867;18.988;39.291;INTERMEDIATE;18.0;McLaren;1.0
611;NOR;4; 00:01:30.551;19.0;4.0;31.922;19.008;39.621;INTERMEDIATE;19.0;McLaren;1.0
612;NOR;4; 00:01:30.710;20.0;4.0;32.482;19.053;39.175;INTERMEDIATE;20.0;McLaren;1.0
613;NOR;4; 00:01:30.234;21.0;4.0;31.839;18.967;39.428;INTERMEDIATE;21.0;McLaren;1.0
614;NOR;4; 00:01:30.300;22.0;4.0;31.922;18.944;39.434;INTERMEDIATE;22.0;McLaren;1.0
615;NOR;4; 00:01:29.922;23.0;4.0;31.865;18.917;39.14;INTERMEDIATE;23.0;McLaren;1.0
616;NOR;4; 00:01:29.687;24.0;4.0;31.717;18.812;39.158;INTERMEDIATE;24.0;McLaren;1.0
617;NOR;4; 00:01:29.601;25.0;4.0;31.927;18.809;38.865;INTERMEDIATE;25.0;McLaren;1.0
618;NOR;4; 00:01:29.160;26.0;4.0;31.638;18.793;38.729;INTERMEDIATE;26.0;McLaren;1.0
619;NOR;4; 00:01:29.250;27.0;4.0;31.708;18.743;38.799;INTERMEDIATE;27.0;McLaren;1.0
620;NOR;4; 00:01:29.097;28.0;4.0;31.595;18.795;38.707;INTERMEDIATE;28.0;McLaren;1.0
621;NOR;4; 00:01:28.357;29.0;4.0;31.183;18.556;38.618;INTERMEDIATE;29.0;McLaren;1.0
622;NOR;4; 00:01:28.032;30.0;4.0;31.395;18.641;37.996;INTERMEDIATE;30.0;McLaren;1.0
623;NOR;4; 00:01:27.695;31.0;4.0;31.136;18.747;37.812;INTERMEDIATE;31.0;McLaren;1.0
624;NOR;4; 00:01:27.800;32.0;4.0;31.021;18.717;38.062;INTERMEDIATE;32.0;McLaren;1.0
625;NOR;4; 00:01:27.495;33.0;4.0;31.193;18.769;37.533;INTERMEDIATE;33.0;McLaren;1.0
626;NOR;4; 00:02:02.273;34.0;4.0;30.897;28.566;62.81;INTERMEDIATE;34.0;McLaren;1.0
627;NOR;4; 00:02:03.448;35.0;5.0;46.512;32.868;44.068;HARD;2.0;McLaren;1.0
628;NOR;4; 00:02:16.883;36.0;5.0;47.119;35.095;54.669;HARD;3.0;McLaren;1.0
629;NOR;4; 00:02:21.020;37.0;5.0;44.919;41.079;70.942;HARD;4.0;McLaren;1.0
630;NOR;4; 00:02:21.020;38.0;5.0;45.763;41.277;53.98;HARD;5.0;McLaren;1.0
631;NOR;4; 00:02:13.694;39.0;5.0;44.586;34.303;54.805;HARD;6.0;McLaren;1.0
632;NOR;4; 00:02:15.337;40.0;5.0;47.795;33.656;53.886;HARD;7.0;McLaren;1.0
633;NOR;4; 00:02:13.937;41.0;5.0;44.793;29.454;59.69;HARD;8.0;McLaren;1.0
634;NOR;4; 00:01:23.797;42.0;5.0;30.016;18.891;34.89;HARD;9.0;McLaren;1.0
635;NOR;4; 00:01:22.167;43.0;5.0;28.553;18.537;35.077;HARD;10.0;McLaren;1.0
636;NOR;4; 00:01:45.587;44.0;5.0;28.841;18.581;58.165;HARD;11.0;McLaren;6.0
637;NOR;4; 00:01:36.407;45.0;6.0;37.17;18.913;40.324;INTERMEDIATE;1.0;McLaren;6.0
638;NOR;4; 00:01:31.567;46.0;6.0;31.083;19.028;41.456;INTERMEDIATE;2.0;McLaren;3.0
639;NOR;4; 00:01:53.728;47.0;6.0;36.023;26.573;51.132;INTERMEDIATE;3.0;McLaren;1.0
640;NOR;4; 00:02:16.995;48.0;6.0;42.091;29.643;65.261;INTERMEDIATE;4.0;McLaren;1.0
641;NOR;4; 00:02:24.979;49.0;6.0;52.528;32.458;59.993;INTERMEDIATE;5.0;McLaren;1.0
642;NOR;4; 00:02:22.395;50.0;6.0;53.654;31.089;57.652;INTERMEDIATE;6.0;McLaren;1.0
643;NOR;4; 00:02:14.178;51.0;6.0;46.614;29.935;57.629;INTERMEDIATE;7.0;McLaren;1.0
644;NOR;4; 00:01:33.198;52.0;6.0;33.533;19.49;40.175;INTERMEDIATE;8.0;McLaren;1.0
645;NOR;4; 00:01:30.482;53.0;6.0;32.025;19.219;39.238;INTERMEDIATE;9.0;McLaren;1.0
646;NOR;4; 00:01:29.428;54.0;6.0;31.71;18.906;38.812;INTERMEDIATE;10.0;McLaren;1.0
647;NOR;4; 00:01:29.195;55.0;6.0;30.994;19.466;38.735;INTERMEDIATE;11.0;McLaren;1.0
648;NOR;4; 00:01:27.996;56.0;6.0;30.804;18.717;38.475;INTERMEDIATE;12.0;McLaren;1.0
649;NOR;4; 00:01:27.126;57.0;6.0;30.396;18.664;38.066;INTERMEDIATE;13.0;McLaren;1.0
650;HAM;44; 00:02:12.883;1.0;1.0;55.534;21.082;65.193;INTERMEDIATE;1.0;Ferrari;11.0
651;HAM;44; 00:02:21.772;2.0;1.0;55.534;35.74;78.634;INTERMEDIATE;2.0;Ferrari;8.0
652;HAM;44; 00:02:21.772;3.0;2.0;50.598;35.108;78.107;INTERMEDIATE;3.0;Ferrari;8.0
653;HAM;44; 00:02:21.772;4.0;3.0;49.775;32.493;71.832;INTERMEDIATE;4.0;Ferrari;8.0
654;HAM;44; 00:02:21.772;5.0;4.0;51.182;31.506;59.084;INTERMEDIATE;5.0;Ferrari;8.0
655;HAM;44; 00:02:20.418;6.0;4.0;43.91;34.755;61.753;INTERMEDIATE;6.0;Ferrari;8.0
656;HAM;44; 00:02:07.498;7.0;4.0;42.591;30.377;54.53;INTERMEDIATE;7.0;Ferrari;8.0
657;HAM;44; 00:01:38.311;8.0;4.0;35.572;20.255;42.484;INTERMEDIATE;8.0;Ferrari;8.0
658;HAM;44; 00:01:36.242;9.0;4.0;34.554;19.882;41.806;INTERMEDIATE;9.0;Ferrari;8.0
659;HAM;44; 00:01:35.107;10.0;4.0;33.954;19.89;41.263;INTERMEDIATE;10.0;Ferrari;8.0
660;HAM;44; 00:01:34.299;11.0;4.0;33.496;19.828;40.975;INTERMEDIATE;11.0;Ferrari;8.0
661;HAM;44; 00:01:33.255;12.0;4.0;33.41;19.708;40.137;INTERMEDIATE;12.0;Ferrari;8.0
662;HAM;44; 00:01:33.017;13.0;4.0;33.163;19.171;40.683;INTERMEDIATE;13.0;Ferrari;8.0
663;HAM;44; 00:01:32.992;14.0;4.0;33.133;19.416;40.443;INTERMEDIATE;14.0;Ferrari;8.0
664;HAM;44; 00:01:32.763;15.0;4.0;32.838;19.117;40.808;INTERMEDIATE;15.0;Ferrari;8.0
665;HAM;44; 00:01:32.749;16.0;4.0;32.938;19.4;40.411;INTERMEDIATE;16.0;Ferrari;8.0
666;HAM;44; 00:01:32.830;17.0;4.0;32.88;19.229;40.721;INTERMEDIATE;17.0;Ferrari;8.0
667;HAM;44; 00:01:32.877;18.0;4.0;32.739;18.926;41.212;INTERMEDIATE;18.0;Ferrari;8.0
668;HAM;44; 00:01:32.914;19.0;4.0;33.121;18.861;40.932;INTERMEDIATE;19.0;Ferrari;8.0
669;HAM;44; 00:01:32.341;20.0;4.0;33.025;18.909;40.407;INTERMEDIATE;20.0;Ferrari;8.0
670;HAM;44; 00:01:32.079;21.0;4.0;32.861;18.776;40.442;INTERMEDIATE;21.0;Ferrari;8.0
671;HAM;44; 00:01:32.041;22.0;4.0;32.551;18.8;40.69;INTERMEDIATE;22.0;Ferrari;8.0
672;HAM;44; 00:01:31.771;23.0;4.0;32.677;18.806;40.288;INTERMEDIATE;23.0;Ferrari;8.0
673;HAM;44; 00:01:31.852;24.0;4.0;32.592;18.648;40.612;INTERMEDIATE;24.0;Ferrari;8.0
674;HAM;44; 00:01:30.860;25.0;4.0;32.254;18.764;39.842;INTERMEDIATE;25.0;Ferrari;8.0
675;HAM;44; 00:01:31.302;26.0;4.0;32.531;18.781;39.99;INTERMEDIATE;26.0;Ferrari;8.0
676;HAM;44; 00:01:30.755;27.0;4.0;32.184;18.685;39.886;INTERMEDIATE;27.0;Ferrari;8.0
677;HAM;44; 00:01:30.143;28.0;4.0;31.957;18.498;39.688;INTERMEDIATE;28.0;Ferrari;8.0
678;HAM;44; 00:01:30.127;29.0;4.0;31.912;18.584;39.631;INTERMEDIATE;29.0;Ferrari;8.0
679;HAM;44; 00:01:29.737;30.0;4.0;31.564;18.46;39.713;INTERMEDIATE;30.0;Ferrari;8.0
680;HAM;44; 00:01:30.422;31.0;4.0;32.276;18.942;39.204;INTERMEDIATE;31.0;Ferrari;8.0
681;HAM;44; 00:01:30.234;32.0;4.0;31.898;19.33;39.006;INTERMEDIATE;32.0;Ferrari;8.0
682;HAM;44; 00:01:50.479;33.0;4.0;31.722;19.152;59.605;INTERMEDIATE;33.0;Ferrari;8.0
683;HAM;44; 00:02:26.885;34.0;5.0;54.802;42.626;49.457;HARD;2.0;Ferrari;8.0
684;HAM;44; 00:01:43.401;35.0;5.0;34.992;28.283;40.126;HARD;3.0;Ferrari;8.0
685;HAM;44; 00:01:42.431;36.0;5.0;33.507;30.249;38.675;HARD;4.0;Ferrari;8.0
686;HAM;44; 00:02:08.079;37.0;5.0;32.779;30.772;64.528;HARD;5.0;Ferrari;8.0
687;HAM;44; 00:02:18.415;38.0;5.0;38.81;40.044;59.561;HARD;6.0;Ferrari;8.0
688;HAM;44; 00:02:12.085;39.0;5.0;39.677;36.23;56.178;HARD;7.0;Ferrari;8.0
689;HAM;44; 00:02:11.407;40.0;5.0;41.408;35.213;54.786;HARD;8.0;Ferrari;8.0
690;HAM;44; 00:02:06.607;41.0;5.0;43.723;28.691;54.193;HARD;9.0;Ferrari;8.0
691;HAM;44; 00:01:27.508;42.0;5.0;31.531;19.059;36.918;HARD;10.0;Ferrari;8.0
692;HAM;44; 00:01:24.218;43.0;5.0;29.552;18.475;36.191;HARD;11.0;Ferrari;8.0
693;HAM;44; 00:01:29.454;44.0;5.0;29.929;18.44;41.085;HARD;12.0;Ferrari;3.0
694;HAM;44; 00:01:33.045;45.0;5.0;29.877;18.836;44.332;HARD;13.0;Ferrari;2.0
695;HAM;44; 00:01:36.714;46.0;5.0;30.967;19.082;46.665;HARD;14.0;Ferrari;1.0
696;HAM;44; 00:01:59.219;47.0;5.0;43.851;29.959;76.885;HARD;15.0;Ferrari;9.0
697;HAM;44; 00:01:59.219;48.0;6.0;44.112;22.186;52.921;INTERMEDIATE;1.0;Ferrari;9.0
698;HAM;44; 00:02:24.575;49.0;6.0;47.408;32.622;64.545;INTERMEDIATE;2.0;Ferrari;9.0
699;HAM;44; 00:02:17.095;50.0;6.0;49.8;29.673;57.622;INTERMEDIATE;3.0;Ferrari;9.0
700;HAM;44; 00:02:11.311;51.0;6.0;49.266;25.65;56.395;INTERMEDIATE;4.0;Ferrari;9.0
701;HAM;44; 00:01:37.051;52.0;6.0;36.302;19.305;41.444;INTERMEDIATE;5.0;Ferrari;10.0
702;HAM;44; 00:01:33.039;53.0;6.0;32.86;18.86;41.319;INTERMEDIATE;6.0;Ferrari;10.0
703;HAM;44; 00:01:31.265;54.0;6.0;32.77;18.803;39.692;INTERMEDIATE;7.0;Ferrari;9.0
704;HAM;44; 00:01:29.874;55.0;6.0;31.41;18.451;40.013;INTERMEDIATE;8.0;Ferrari;9.0
705;HAM;44; 00:01:30.095;56.0;6.0;31.448;18.823;39.824;INTERMEDIATE;9.0;Ferrari;9.0
706;HAM;44; 00:01:32.418;57.0;6.0;31.658;18.758;42.002;INTERMEDIATE;10.0;Ferrari;10.0
707;BOR;5; 00:02:24.063;1.0;1.0;55.049;23.185;70.345;INTERMEDIATE;1.0;Kick Sauber;17.0
708;BOR;5; 00:02:18.316;2.0;1.0;55.049;32.292;82.231;INTERMEDIATE;2.0;Kick Sauber;14.0
709;BOR;5; 00:02:18.316;3.0;3.0;51.09;32.707;81.42;INTERMEDIATE;3.0;Kick Sauber;14.0
710;BOR;5; 00:02:18.316;4.0;5.0;49.09;32.645;73.087;INTERMEDIATE;4.0;Kick Sauber;14.0
711;BOR;5; 00:02:18.316;5.0;6.0;49.203;29.928;59.185;MEDIUM;1.0;Kick Sauber;14.0
712;BOR;5; 00:02:20.976;6.0;6.0;41.946;35.519;63.511;MEDIUM;2.0;Kick Sauber;14.0
713;BOR;5; 00:02:03.467;7.0;6.0;41.213;30.785;51.469;MEDIUM;3.0;Kick Sauber;14.0
714;BOR;5; 00:01:40.265;8.0;6.0;36.126;20.871;43.268;MEDIUM;4.0;Kick Sauber;14.0
715;BOR;5; 00:01:36.663;9.0;6.0;34.582;20.079;42.002;MEDIUM;5.0;Kick Sauber;14.0
716;BOR;5; 00:01:35.625;10.0;6.0;33.964;20.03;41.631;MEDIUM;6.0;Kick Sauber;14.0
717;BOR;5; 00:01:34.655;11.0;6.0;33.762;19.755;41.138;MEDIUM;7.0;Kick Sauber;14.0
718;BOR;5; 00:01:34.382;12.0;6.0;33.593;19.666;41.123;MEDIUM;8.0;Kick Sauber;14.0
719;BOR;5; 00:01:34.383;13.0;6.0;33.907;19.633;40.843;MEDIUM;9.0;Kick Sauber;14.0
720;BOR;5; 00:01:34.102;14.0;6.0;33.309;19.414;41.379;MEDIUM;10.0;Kick Sauber;14.0
721;BOR;5; 00:01:33.692;15.0;6.0;33.416;19.392;40.884;MEDIUM;11.0;Kick Sauber;14.0
722;BOR;5; 00:01:34.111;16.0;6.0;33.534;19.498;41.079;MEDIUM;12.0;Kick Sauber;14.0
723;BOR;5; 00:01:34.756;17.0;6.0;33.665;19.336;41.755;MEDIUM;13.0;Kick Sauber;14.0
724;BOR;5; 00:01:33.892;18.0;6.0;33.401;19.278;41.213;MEDIUM;14.0;Kick Sauber;14.0
725;BOR;5; 00:01:33.906;19.0;6.0;33.356;19.242;41.308;MEDIUM;15.0;Kick Sauber;14.0
726;BOR;5; 00:01:33.328;20.0;6.0;33.261;19.15;40.917;MEDIUM;16.0;Kick Sauber;14.0
727;BOR;5; 00:01:33.350;21.0;6.0;33.17;19.132;41.048;MEDIUM;17.0;Kick Sauber;14.0
728;BOR;5; 00:01:32.734;22.0;6.0;32.833;19.204;40.697;MEDIUM;18.0;Kick Sauber;14.0
729;BOR;5; 00:01:32.966;23.0;6.0;32.882;19.178;40.906;MEDIUM;19.0;Kick Sauber;14.0
730;BOR;5; 00:01:32.369;24.0;6.0;32.738;19.157;40.474;MEDIUM;20.0;Kick Sauber;14.0
731;BOR;5; 00:01:32.235;25.0;6.0;32.743;19.145;40.347;MEDIUM;21.0;Kick Sauber;14.0
732;BOR;5; 00:01:31.425;26.0;6.0;32.394;19.048;39.983;MEDIUM;22.0;Kick Sauber;14.0
733;BOR;5; 00:01:31.406;27.0;6.0;32.44;19.001;39.965;MEDIUM;23.0;Kick Sauber;14.0
734;BOR;5; 00:01:30.755;28.0;6.0;32.268;18.908;39.579;MEDIUM;24.0;Kick Sauber;14.0
735;BOR;5; 00:01:31.329;29.0;6.0;32.451;19.079;39.799;MEDIUM;25.0;Kick Sauber;14.0
736;BOR;5; 00:01:31.146;30.0;6.0;32.456;19.054;39.636;MEDIUM;26.0;Kick Sauber;14.0
737;BOR;5; 00:01:30.446;31.0;6.0;32.239;18.913;39.294;MEDIUM;27.0;Kick Sauber;14.0
738;BOR;5; 00:01:29.830;32.0;6.0;31.969;18.924;38.937;MEDIUM;28.0;Kick Sauber;14.0
739;BOR;5; 00:02:10.326;33.0;6.0;32.229;26.932;71.165;MEDIUM;29.0;Kick Sauber;13.0
740;BOR;5; 00:02:04.556;34.0;6.0;46.489;29.834;48.233;MEDIUM;30.0;Kick Sauber;13.0
741;BOR;5; 00:02:12.146;35.0;6.0;42.282;34.853;55.011;MEDIUM;31.0;Kick Sauber;13.0
742;BOR;5; 00:02:20.921;36.0;6.0;44.902;41.233;71.005;MEDIUM;32.0;Kick Sauber;13.0
743;BOR;5; 00:02:20.921;37.0;6.0;45.391;40.838;54.692;MEDIUM;33.0;Kick Sauber;13.0
744;BOR;5; 00:02:13.374;38.0;6.0;44.094;34.435;54.845;MEDIUM;34.0;Kick Sauber;13.0
745;BOR;5; 00:01:48.623;39.0;6.0;41.886;22.879;43.858;MEDIUM;35.0;Kick Sauber;13.0
746;BOR;5; 00:01:32.438;40.0;6.0;33.855;19.731;38.852;MEDIUM;36.0;Kick Sauber;13.0
747;BOR;5; 00:01:28.125;41.0;6.0;31.898;19.169;37.058;MEDIUM;37.0;Kick Sauber;13.0
748;BOR;5; 00:01:24.770;42.0;6.0;30.071;18.781;35.918;MEDIUM;38.0;Kick Sauber;13.0
749;BOR;5; 00:01:24.192;43.0;6.0;29.066;18.822;36.304;MEDIUM;39.0;Kick Sauber;13.0
750;BOR;5; 00:01:52.582;44.0;6.0;30.251;18.627;63.704;MEDIUM;40.0;Kick Sauber;13.0
751;BOR;5; 00:01:36.255;45.0;7.0;37.176;19.099;39.98;INTERMEDIATE;1.0;Kick Sauber;13.0
752;BOR;5; 00:02:04.644;46.0;7.0;57.443;21.03;58.93;INTERMEDIATE;2.0;Kick Sauber;7.0
753;SAI;55; 00:02:04.644;1.0;1.0;57.443;21.03;58.93;INTERMEDIATE;1.0;Williams;7.0
754;HAD;6; 00:02:04.644;1.0;1.0;57.443;21.03;58.93;INTERMEDIATE;1.0;Racing Bulls;7.0
755;RUS;63; 00:02:04.644;1.0;1.0;57.443;21.03;58.93;INTERMEDIATE;1.0;Mercedes;7.0
756;RUS;63; 00:02:21.712;2.0;1.0;57.443;36.07;74.613;INTERMEDIATE;2.0;Mercedes;4.0
757;RUS;63; 00:02:21.712;3.0;2.0;55.842;33.693;72.902;INTERMEDIATE;3.0;Mercedes;4.0
758;RUS;63; 00:02:21.712;4.0;3.0;53.578;32.777;70.152;INTERMEDIATE;4.0;Mercedes;4.0
759;RUS;63; 00:02:21.712;5.0;4.0;51.373;31.913;58.426;INTERMEDIATE;5.0;Mercedes;4.0
760;RUS;63; 00:02:19.485;6.0;4.0;47.746;33.735;58.004;INTERMEDIATE;6.0;Mercedes;4.0
761;RUS;63; 00:02:14.684;7.0;4.0;45.565;31.759;57.36;INTERMEDIATE;7.0;Mercedes;4.0
762;RUS;63; 00:01:37.824;8.0;4.0;35.549;20.248;42.027;INTERMEDIATE;8.0;Mercedes;4.0
763;RUS;63; 00:01:34.873;9.0;4.0;34.074;19.847;40.952;INTERMEDIATE;9.0;Mercedes;4.0
764;RUS;63; 00:01:33.587;10.0;4.0;33.442;19.662;40.483;INTERMEDIATE;10.0;Mercedes;4.0
765;RUS;63; 00:01:33.347;11.0;4.0;33.297;19.554;40.496;INTERMEDIATE;11.0;Mercedes;4.0
766;RUS;63; 00:01:32.803;12.0;4.0;33.269;19.534;40.0;INTERMEDIATE;12.0;Mercedes;4.0
767;RUS;63; 00:01:32.364;13.0;4.0;33.147;19.431;39.786;INTERMEDIATE;13.0;Mercedes;4.0
768;RUS;63; 00:01:31.856;14.0;4.0;32.788;19.377;39.691;INTERMEDIATE;14.0;Mercedes;4.0
769;RUS;63; 00:01:31.885;15.0;4.0;32.609;19.336;39.94;INTERMEDIATE;15.0;Mercedes;4.0
770;RUS;63; 00:01:31.739;16.0;4.0;32.718;19.364;39.657;INTERMEDIATE;16.0;Mercedes;4.0
771;RUS;63; 00:01:31.597;17.0;4.0;32.426;19.226;39.945;INTERMEDIATE;17.0;Mercedes;4.0
772;RUS;63; 00:01:31.740;18.0;4.0;32.524;19.143;40.073;INTERMEDIATE;18.0;Mercedes;4.0
773;RUS;63; 00:01:32.189;19.0;4.0;32.91;19.139;40.14;INTERMEDIATE;19.0;Mercedes;4.0
774;RUS;63; 00:01:31.315;20.0;4.0;32.42;19.147;39.748;INTERMEDIATE;20.0;Mercedes;4.0
775;RUS;63; 00:01:31.127;21.0;4.0;32.447;19.026;39.654;INTERMEDIATE;21.0;Mercedes;4.0
776;RUS;63; 00:01:31.029;22.0;4.0;32.528;19.123;39.378;INTERMEDIATE;22.0;Mercedes;4.0
777;RUS;63; 00:01:30.975;23.0;4.0;32.37;19.106;39.499;INTERMEDIATE;23.0;Mercedes;4.0
778;RUS;63; 00:01:30.673;24.0;4.0;32.023;19.104;39.546;INTERMEDIATE;24.0;Mercedes;4.0
779;RUS;63; 00:01:30.488;25.0;4.0;32.021;19.014;39.453;INTERMEDIATE;25.0;Mercedes;4.0
780;RUS;63; 00:01:30.111;26.0;4.0;31.996;18.996;39.119;INTERMEDIATE;26.0;Mercedes;4.0
781;RUS;63; 00:01:29.863;27.0;4.0;31.797;18.898;39.168;INTERMEDIATE;27.0;Mercedes;4.0
782;RUS;63; 00:01:29.696;28.0;4.0;31.673;18.841;39.182;INTERMEDIATE;28.0;Mercedes;4.0
783;RUS;63; 00:01:29.488;29.0;4.0;31.568;18.86;39.06;INTERMEDIATE;29.0;Mercedes;4.0
784;RUS;63; 00:01:29.789;30.0;4.0;31.712;18.86;39.217;INTERMEDIATE;30.0;Mercedes;4.0
785;RUS;63; 00:01:29.041;31.0;4.0;31.561;18.875;38.605;INTERMEDIATE;31.0;Mercedes;4.0
786;RUS;63; 00:01:29.361;32.0;4.0;31.492;18.922;38.947;INTERMEDIATE;32.0;Mercedes;4.0
787;RUS;63; 00:01:30.553;33.0;4.0;32.067;19.118;39.368;INTERMEDIATE;33.0;Mercedes;4.0
788;RUS;63; 00:02:15.518;34.0;4.0;42.826;28.443;64.249;INTERMEDIATE;34.0;Mercedes;4.0
789;RUS;63; 00:02:05.981;35.0;5.0;49.054;30.229;46.698;HARD;1.0;Mercedes;4.0
790;RUS;63; 00:01:44.906;36.0;5.0;34.859;28.574;41.473;HARD;2.0;Mercedes;4.0
791;RUS;63; 00:02:18.272;37.0;5.0;36.791;40.841;74.707;HARD;3.0;Mercedes;4.0
792;RUS;63; 00:02:18.272;38.0;5.0;40.496;41.465;56.311;HARD;4.0;Mercedes;4.0
793;RUS;63; 00:02:12.784;39.0;5.0;42.704;35.771;54.309;HARD;5.0;Mercedes;4.0
794;RUS;63; 00:02:11.368;40.0;5.0;43.127;34.37;53.871;HARD;6.0;Mercedes;4.0
795;RUS;63; 00:02:11.214;41.0;5.0;44.501;29.287;57.426;HARD;7.0;Mercedes;4.0
796;RUS;63; 00:01:26.239;42.0;5.0;30.615;18.828;36.796;HARD;8.0;Mercedes;4.0
797;RUS;63; 00:01:25.065;43.0;5.0;29.511;18.617;36.937;HARD;9.0;Mercedes;4.0
798;RUS;63; 00:01:46.238;44.0;5.0;29.685;18.585;57.968;HARD;10.0;Mercedes;8.0
799;RUS;63; 00:01:36.330;45.0;6.0;37.662;18.989;39.679;INTERMEDIATE;1.0;Mercedes;8.0
800;RUS;63; 00:01:31.870;46.0;6.0;31.808;18.881;41.181;INTERMEDIATE;2.0;Mercedes;6.0
801;RUS;63; 00:02:02.439;47.0;6.0;35.488;31.352;55.599;INTERMEDIATE;3.0;Mercedes;3.0
802;RUS;63; 00:02:03.129;48.0;6.0;40.318;24.087;58.724;INTERMEDIATE;4.0;Mercedes;3.0
803;RUS;63; 00:02:24.163;49.0;6.0;52.027;31.92;60.216;INTERMEDIATE;5.0;Mercedes;3.0
804;RUS;63; 00:02:22.305;50.0;6.0;53.048;31.69;57.567;INTERMEDIATE;6.0;Mercedes;3.0
805;RUS;63; 00:02:13.149;51.0;6.0;47.256;29.53;56.363;INTERMEDIATE;7.0;Mercedes;3.0
806;RUS;63; 00:01:34.334;52.0;6.0;33.99;19.388;40.956;INTERMEDIATE;8.0;Mercedes;3.0
807;RUS;63; 00:01:31.177;53.0;6.0;32.409;19.021;39.747;INTERMEDIATE;9.0;Mercedes;3.0
808;RUS;63; 00:01:30.410;54.0;6.0;32.048;18.908;39.454;INTERMEDIATE;10.0;Mercedes;3.0
809;RUS;63; 00:01:30.076;55.0;6.0;31.595;18.924;39.557;INTERMEDIATE;11.0;Mercedes;3.0
810;RUS;63; 00:01:29.454;56.0;6.0;31.449;18.852;39.153;INTERMEDIATE;12.0;Mercedes;3.0
811;RUS;63; 00:01:29.117;57.0;6.0;31.356;18.721;39.04;INTERMEDIATE;13.0;Mercedes;3.0
812;DOO;7; 00:02:00.807;1.0;1.0;58.462;20.844;56.056;INTERMEDIATE;1.0;Alpine;6.0
813;PIA;81; 00:02:00.807;1.0;1.0;58.462;20.844;56.056;INTERMEDIATE;1.0;McLaren;6.0
814;PIA;81; 00:02:23.155;2.0;1.0;58.462;37.621;73.46;INTERMEDIATE;2.0;McLaren;3.0
815;PIA;81; 00:02:23.155;3.0;2.0;56.776;33.402;72.129;INTERMEDIATE;3.0;McLaren;3.0
816;PIA;81; 00:02:23.155;4.0;3.0;54.05;33.43;68.245;INTERMEDIATE;4.0;McLaren;3.0
817;PIA;81; 00:02:23.155;5.0;4.0;53.433;32.176;57.546;INTERMEDIATE;5.0;McLaren;3.0
818;PIA;81; 00:02:19.873;6.0;4.0;48.116;33.226;58.531;INTERMEDIATE;6.0;McLaren;3.0
819;PIA;81; 00:02:15.569;7.0;4.0;45.77;30.859;58.94;INTERMEDIATE;7.0;McLaren;3.0
820;PIA;81; 00:01:37.251;8.0;4.0;35.144;20.025;42.082;INTERMEDIATE;8.0;McLaren;3.0
821;PIA;81; 00:01:34.578;9.0;4.0;34.085;19.805;40.688;INTERMEDIATE;9.0;McLaren;3.0
822;PIA;81; 00:01:32.672;10.0;4.0;33.169;19.497;46;INTERMEDIATE;10.0;McLaren;3.0
823;PIA;81; 00:01:31.959;11.0;4.0;32.814;19.223;39.922;INTERMEDIATE;11.0;McLaren;3.0
824;PIA;81; 00:01:31.290;12.0;4.0;32.66;18.929;39.701;INTERMEDIATE;12.0;McLaren;3.0
825;PIA;81; 00:01:31.377;13.0;4.0;32.68;18.981;39.716;INTERMEDIATE;13.0;McLaren;3.0
826;PIA;81; 00:01:30.555;14.0;4.0;32.338;18.899;39.318;INTERMEDIATE;14.0;McLaren;3.0
827;PIA;81; 00:01:30.343;15.0;4.0;32.263;18.681;39.399;INTERMEDIATE;15.0;McLaren;3.0
828;PIA;81; 00:01:30.722;16.0;4.0;32.097;18.694;39.931;INTERMEDIATE;16.0;McLaren;3.0
829;PIA;81; 00:01:30.696;17.0;4.0;32.231;18.692;39.773;INTERMEDIATE;17.0;McLaren;2.0
830;PIA;81; 00:01:30.143;18.0;4.0;31.77;18.987;39.386;INTERMEDIATE;18.0;McLaren;2.0
831;PIA;81; 00:01:30.816;19.0;4.0;32.011;18.926;39.879;INTERMEDIATE;19.0;McLaren;2.0
832;PIA;81; 00:01:30.159;20.0;4.0;31.769;18.968;39.422;INTERMEDIATE;20.0;McLaren;2.0
833;PIA;81; 00:01:29.727;21.0;4.0;31.622;18.849;39.256;INTERMEDIATE;21.0;McLaren;2.0
834;PIA;81; 00:01:30.214;22.0;4.0;32.012;18.884;39.318;INTERMEDIATE;22.0;McLaren;2.0
835;PIA;81; 00:01:29.739;23.0;4.0;31.686;18.88;39.173;INTERMEDIATE;23.0;McLaren;2.0
836;PIA;81; 00:01:29.626;24.0;4.0;31.595;18.958;39.073;INTERMEDIATE;24.0;McLaren;2.0
837;PIA;81; 00:01:29.295;25.0;4.0;31.593;18.778;38.924;INTERMEDIATE;25.0;McLaren;2.0
838;PIA;81; 00:01:29.133;26.0;4.0;31.668;18.835;38.63;INTERMEDIATE;26.0;McLaren;2.0
839;PIA;81; 00:01:29.037;27.0;4.0;31.514;18.857;38.666;INTERMEDIATE;27.0;McLaren;2.0
840;PIA;81; 00:01:28.629;28.0;4.0;31.511;18.64;38.478;INTERMEDIATE;28.0;McLaren;2.0
841;PIA;81; 00:01:28.188;29.0;4.0;31.358;18.343;38.487;INTERMEDIATE;29.0;McLaren;2.0
842;PIA;81; 00:01:28.331;30.0;4.0;31.431;18.388;38.512;INTERMEDIATE;30.0;McLaren;2.0
843;PIA;81; 00:01:27.916;31.0;4.0;31.235;18.319;38.362;INTERMEDIATE;31.0;McLaren;2.0
844;PIA;81; 00:01:29.379;32.0;4.0;31.377;19.491;38.511;INTERMEDIATE;32.0;McLaren;2.0
845;PIA;81; 00:01:28.226;33.0;4.0;31.02;18.951;38.255;INTERMEDIATE;33.0;McLaren;2.0
846;PIA;81; 00:02:07.025;34.0;4.0;31.271;30.119;65.635;INTERMEDIATE;34.0;McLaren;2.0
847;PIA;81; 00:02:03.781;35.0;5.0;46.738;30.477;46.566;HARD;2.0;McLaren;2.0
848;PIA;81; 00:02:11.212;36.0;5.0;41.431;35.359;54.422;HARD;3.0;McLaren;2.0
849;PIA;81; 00:02:18.892;37.0;5.0;45.192;41.406;73.105;HARD;4.0;McLaren;2.0
850;PIA;81; 00:02:18.892;38.0;5.0;42.993;41.293;54.606;HARD;5.0;McLaren;2.0
851;PIA;81; 00:02:13.780;39.0;5.0;43.94;34.284;55.556;HARD;6.0;McLaren;2.0
852;PIA;81; 00:02:13.016;40.0;5.0;45.907;33.189;53.92;HARD;7.0;McLaren;2.0
853;PIA;81; 00:02:13.553;41.0;5.0;44.925;29.037;59.591;HARD;8.0;McLaren;2.0
854;PIA;81; 00:01:24.583;42.0;5.0;30.119;18.793;35.671;HARD;9.0;McLaren;2.0
855;PIA;81; 00:01:23.242;43.0;5.0;28.966;18.613;35.663;HARD;10.0;McLaren;2.0
856;PIA;81; 00:01:38.184;44.0;5.0;28.917;18.393;42.325;HARD;11.0;McLaren;15.0
857;PIA;81; 00:01:38.184;45.0;6.0;36.775;19.084;42.325;INTERMEDIATE;1.0;McLaren;15.0
858;PIA;81; 00:01:51.022;46.0;6.0;34.707;25.856;50.459;INTERMEDIATE;2.0;McLaren;14.0
859;PIA;81; 00:02:00.170;47.0;6.0;41.299;28.61;50.261;INTERMEDIATE;3.0;McLaren;13.0
860;PIA;81; 00:01:42.413;48.0;6.0;37.344;20.296;44.773;INTERMEDIATE;4.0;McLaren;13.0
861;PIA;81; 00:01:40.440;49.0;6.0;37.63;20.249;42.561;INTERMEDIATE;5.0;McLaren;13.0
862;PIA;81; 00:02:03.732;50.0;6.0;34.861;26.734;62.137;INTERMEDIATE;6.0;McLaren;13.0
863;PIA;81; 00:02:04.275;51.0;6.0;44.202;26.208;53.865;INTERMEDIATE;7.0;McLaren;12.0
864;PIA;81; 00:01:37.224;52.0;6.0;36.897;19.713;40.614;INTERMEDIATE;8.0;McLaren;12.0
865;PIA;81; 00:01:31.809;53.0;6.0;32.931;19.045;39.833;INTERMEDIATE;9.0;McLaren;11.0
866;PIA;81; 00:01:32.507;54.0;6.0;32.689;19.188;40.63;INTERMEDIATE;10.0;McLaren;11.0
867;PIA;81; 00:01:30.051;55.0;6.0;31.795;18.949;39.307;INTERMEDIATE;11.0;McLaren;10.0
868;PIA;81; 00:01:28.559;56.0;6.0;30.605;18.722;39.232;INTERMEDIATE;12.0;McLaren;10.0
869;PIA;81; 00:01:29.517;57.0;6.0;31.475;18.119;39.923;INTERMEDIATE;13.0;McLaren;9.0
870;BEA;87; 00:02:29.413;1.0;1.0;56.636;32.85;61.402;INTERMEDIATE;1.0;Haas F1 Team;20.0
871;BEA;87; 00:02:05.412;2.0;1.0;56.636;30.377;82.785;INTERMEDIATE;2.0;Haas F1 Team;17.0
872;BEA;87; 00:02:05.412;3.0;3.0;51.619;31.436;82.324;INTERMEDIATE;3.0;Haas F1 Team;17.0
873;BEA;87; 00:02:05.412;4.0;5.0;50.2;29.524;86.02;INTERMEDIATE;4.0;Haas F1 Team;17.0
874;BEA;87; 00:02:05.412;5.0;6.0;45.526;23.469;56.417;MEDIUM;1.0;Haas F1 Team;17.0
875;BEA;87; 00:02:22.075;6.0;6.0;41.852;35.99;64.233;MEDIUM;2.0;Haas F1 Team;17.0
876;BEA;87; 00:02:02.192;7.0;6.0;40.31;30.271;51.611;MEDIUM;3.0;Haas F1 Team;17.0
877;BEA;87; 00:01:42.054;8.0;6.0;36.361;21.757;43.936;MEDIUM;4.0;Haas F1 Team;17.0
878;BEA;87; 00:01:38.564;9.0;6.0;35.336;20.785;42.443;MEDIUM;5.0;Haas F1 Team;17.0
879;BEA;87; 00:01:36.411;10.0;6.0;34.465;20.346;41.6;MEDIUM;6.0;Haas F1 Team;17.0
880;BEA;87; 00:01:35.416;11.0;6.0;34.048;20.123;41.245;MEDIUM;7.0;Haas F1 Team;17.0
881;BEA;87; 00:01:35.002;12.0;6.0;33.75;20.201;41.051;MEDIUM;8.0;Haas F1 Team;17.0
882;BEA;87; 00:01:34.250;13.0;6.0;33.681;20.049;40.52;MEDIUM;9.0;Haas F1 Team;17.0
883;BEA;87; 00:01:33.732;14.0;6.0;33.539;19.874;40.319;MEDIUM;10.0;Haas F1 Team;17.0
884;BEA;87; 00:01:33.885;15.0;6.0;33.606;19.939;40.34;MEDIUM;11.0;Haas F1 Team;17.0
885;BEA;87; 00:01:33.395;16.0;6.0;33.143;19.852;40.4;MEDIUM;12.0;Haas F1 Team;17.0
886;BEA;87; 00:01:34.527;17.0;6.0;33.939;19.628;40.96;MEDIUM;13.0;Haas F1 Team;17.0
887;BEA;87; 00:01:34.527;18.0;6.0;33.613;19.513;41.401;MEDIUM;14.0;Haas F1 Team;17.0
888;BEA;87; 00:01:34.065;19.0;6.0;33.454;19.435;41.176;MEDIUM;15.0;Haas F1 Team;17.0
889;BEA;87; 00:01:34.094;20.0;6.0;33.365;19.419;41.31;MEDIUM;16.0;Haas F1 Team;17.0
890;BEA;87; 00:01:33.818;21.0;6.0;33.39;19.467;40.961;MEDIUM;17.0;Haas F1 Team;17.0
891;BEA;87; 00:01:33.590;22.0;6.0;33.526;19.348;40.716;MEDIUM;18.0;Haas F1 Team;17.0
892;BEA;87; 00:01:33.342;23.0;6.0;33.184;19.371;40.787;MEDIUM;19.0;Haas F1 Team;17.0
893;BEA;87; 00:01:33.042;24.0;6.0;33.076;19.422;40.544;MEDIUM;20.0;Haas F1 Team;17.0
894;BEA;87; 00:01:32.613;25.0;6.0;32.813;19.274;40.526;MEDIUM;21.0;Haas F1 Team;17.0
895;BEA;87; 00:01:32.577;26.0;6.0;32.854;19.376;40.347;MEDIUM;22.0;Haas F1 Team;17.0
896;BEA;87; 00:01:32.507;27.0;6.0;32.949;19.382;40.176;MEDIUM;23.0;Haas F1 Team;17.0
897;BEA;87; 00:01:34.505;28.0;6.0;32.809;20.948;40.748;MEDIUM;24.0;Haas F1 Team;17.0
898;BEA;87; 00:01:31.267;29.0;6.0;32.417;19.13;39.72;MEDIUM;25.0;Haas F1 Team;17.0
899;BEA;87; 00:01:31.377;30.0;6.0;32.569;19.124;39.684;MEDIUM;26.0;Haas F1 Team;17.0
900;BEA;87; 00:01:31.257;31.0;6.0;32.206;19.268;39.783;MEDIUM;27.0;Haas F1 Team;17.0
901;BEA;87; 00:01:31.300;32.0;6.0;31.996;19.536;39.768;MEDIUM;28.0;Haas F1 Team;17.0
902;BEA;87; 00:01:57.148;33.0;6.0;39.982;29.769;47.397;MEDIUM;29.0;Haas F1 Team;16.0
903;BEA;87; 00:02:00.646;34.0;6.0;43.016;30.748;46.882;MEDIUM;30.0;Haas F1 Team;15.0
904;BEA;87; 00:02:11.067;35.0;6.0;41.364;35.359;54.344;MEDIUM;31.0;Haas F1 Team;15.0
905;BEA;87; 00:02:18.672;36.0;6.0;45.39;41.367;73.863;MEDIUM;32.0;Haas F1 Team;15.0
906;BEA;87; 00:02:18.672;37.0;6.0;42.101;41.701;54.87;MEDIUM;33.0;Haas F1 Team;15.0
907;BEA;87; 00:02:12.858;38.0;6.0;43.636;33.78;55.442;MEDIUM;34.0;Haas F1 Team;15.0
908;BEA;87; 00:02:10.476;39.0;6.0;43.905;23.897;62.674;MEDIUM;35.0;Haas F1 Team;16.0
909;BEA;87; 00:01:53.822;40.0;6.0;47.593;25.942;40.287;MEDIUM;36.0;Haas F1 Team;16.0
910;BEA;87; 00:01:29.149;41.0;6.0;31.306;19.948;37.895;MEDIUM;37.0;Haas F1 Team;16.0
911;BEA;87; 00:01:27.603;42.0;6.0;30.422;19.362;37.819;MEDIUM;38.0;Haas F1 Team;16.0
912;BEA;87; 00:01:31.057;43.0;6.0;30.29;19.299;41.468;MEDIUM;39.0;Haas F1 Team;16.0
913;BEA;87; 00:02:02.961;44.0;6.0;30.419;19.282;73.26;MEDIUM;40.0;Haas F1 Team;16.0
914;BEA;87; 00:01:41.777;45.0;7.0;38.459;19.274;44.044;INTERMEDIATE;1.0;Haas F1 Team;16.0
915;BEA;87; 00:02:05.498;46.0;7.0;35.08;32.355;58.063;INTERMEDIATE;2.0;Haas F1 Team;15.0
916;BEA;87; 00:01:58.594;47.0;7.0;39.315;22.038;57.241;INTERMEDIATE;3.0;Haas F1 Team;14.0
917;BEA;87; 00:02:24.788;48.0;7.0;51.7;31.711;61.377;INTERMEDIATE;4.0;Haas F1 Team;14.0
918;BEA;87; 00:01:50.488;49.0;7.0;45.915;21.257;43.316;INTERMEDIATE;5.0;Haas F1 Team;14.0
919;BEA;87; 00:01:36.187;50.0;7.0;33.885;20.099;42.203;INTERMEDIATE;6.0;Haas F1 Team;14.0
920;BEA;87; 00:01:34.937;51.0;7.0;33.549;19.959;41.429;INTERMEDIATE;7.0;Haas F1 Team;14.0
921;BEA;87; 00:01:33.258;52.0;7.0;32.933;19.588;40.737;INTERMEDIATE;8.0;Haas F1 Team;14.0
922;BEA;87; 00:01:31.366;53.0;7.0;31.993;19.286;40.087;INTERMEDIATE;9.0;Haas F1 Team;14.0
923;BEA;87; 00:01:30.490;54.0;7.0;31.429;19.147;39.914;INTERMEDIATE;10.0;Haas F1 Team;14.0
924;BEA;87; 00:01:31.284;55.0;7.0;31.538;19.483;40.263;INTERMEDIATE;11.0;Haas F1 Team;14.0
925;BEA;87; 00:01:30.226;56.0;7.0;31.349;19.207;39.67;INTERMEDIATE;12.0;Haas F1 Team;14.0
926;BEA;87; 00:01:30.553;57.0;7.0;31.384;19.175;39.994;INTERMEDIATE;13.0;Haas F1 Team;14.0
